sku,forecast_date,forecast_demand,model_name,rolling_mean_3,trend,fallback_used,last_observed_date,last_observed_demand,bulk_quantity_excluded,effective_model_name,annual_growth_factor,seasonal_reference_demand,historical_lost_demand,demand_basis,trend_feature_date,partial_latest_month_excluded
010400432_,2026-10-01,4.5,rolling_3,4.5,-0.5,False,2026-08-01,3.0,95.0,rolling_3,0.6153846153846154,12.0,0.0,stockout_corrected_regular_demand,2026-09-01,True
010400433_,2026-10-01,9.0,previous_year,15.0,0.875,False,2026-09-01,7.0,72.0,previous_year,0.9583333333333333,9.0,0.0,stockout_corrected_regular_demand,2026-08-01,True
010400436_,2026-10-01,21.0,rolling_3,21.0,-0.32,False,2026-09-01,12.0,0.0,rolling_3,0.5151515151515151,61.0,0.0,stockout_corrected_regular_demand,2026-09-01,True
010400437_,2026-10-01,23.047619047619047,seasonal_trend,33.0,-0.625,False,2026-09-01,19.0,0.0,seasonal_trend,0.5238095238095238,44.0,0.0,stockout_corrected_regular_demand,2026-09-01,True
010400440_,2026-10-01,13.0,rolling_3,13.0,-0.47058823529411764,False,2026-09-01,8.0,0.0,rolling_3,0.5,27.0,0.0,stockout_corrected_regular_demand,2026-09-01,True
010400441_,2026-10-01,16.5,rolling_3,16.5,-0.2631578947368421,False,2026-09-01,11.0,120.0,rolling_3,0.7222222222222222,13.0,0.0,stockout_corrected_regular_demand,2026-09-01,True
010400444_,2026-10-01,52.05419847683777,catboost,37.0,0.3125,False,2026-09-01,20.0,0.0,catboost,0.5096153846153846,58.0,0.0,stockout_corrected_regular_demand,2026-09-01,True
010400445_,2026-10-01,20.0,rolling_3,20.0,0.35294117647058826,False,2026-09-01,19.0,0.0,rolling_3,0.5,62.0,0.0,stockout_corrected_regular_demand,2026-09-01,True
010400447_,2026-10-01,31.0,previous_month,31.0,0.13793103448275862,True,2026-09-01,24.0,0.0,rolling_3_fallback,0.5,50.0,0.0,stockout_corrected_regular_demand,2026-09-01,True
010400448_,2026-10-01,18.5,seasonal_trend,19.5,0.05263157894736842,False,2026-09-01,13.0,0.0,seasonal_trend,0.5,37.0,0.0,stockout_corrected_regular_demand,2026-09-01,True
020100158_,2026-10-01,202.1136953777194,catboost,283.5,0.4652173913043478,False,2026-09-01,147.0,0.0,catboost,0.707983193277311,208.0,0.0,stockout_corrected_regular_demand,2026-09-01,True
020100159_,2026-10-01,8.0,previous_month,8.0,-0.1111111111111111,True,2026-07-01,8.0,150.0,rolling_3_fallback,,6.0,0.0,stockout_corrected_regular_demand,2026-08-01,True
020100160_,2026-10-01,175.89261857445365,catboost,204.5,0.50920245398773,False,2026-09-01,113.0,0.0,catboost,0.6814404432132964,185.0,0.0,stockout_corrected_regular_demand,2026-09-01,True
020100161_,2026-10-01,5.5,previous_month,5.5,9.0,True,2026-08-01,10.0,0.0,rolling_3_fallback,,,0.0,stockout_corrected_regular_demand,2026-09-01,True
020100162_,2026-10-01,2.0,seasonal_trend,14.0,3.6,False,2026-08-01,23.0,0.0,seasonal_trend,0.5,4.0,0.0,stockout_corrected_regular_demand,2026-09-01,True
020100163_,2026-10-01,17.0,seasonal_trend,130.0,3.3636363636363638,False,2026-09-01,1.0,250.0,seasonal_trend,0.5,34.0,0.0,stockout_corrected_regular_demand,2026-07-01,True
030200003_,2026-10-01,7.5,rolling_3,7.5,1.0,False,2026-08-01,10.0,47.0,rolling_3,1.25,3.0,0.0,stockout_corrected_regular_demand,2026-09-01,True
030200005_,2026-10-01,11.0,previous_year,13.0,0.8888888888888888,False,2026-09-01,44.0,0.0,previous_year,,11.0,0.0,stockout_corrected_regular_demand,2026-09-01,True
030200007_,2026-10-01,7.1,previous_month,,1.0,True,2026-09-01,5.0,0.0,historical_mean_fallback,,1.0,0.0,stockout_corrected_regular_demand,2025-12-01,True
030200026_,2026-10-01,83.16666666666667,previous_month,,-0.9761904761904762,True,2026-05-01,1.0,0.0,historical_mean_fallback,,,0.0,stockout_corrected_regular_demand,2024-05-01,True
030200027_,2026-10-01,9.666666666666666,previous_month,,-0.3333333333333333,True,2026-06-01,2.0,0.0,historical_mean_fallback,,,0.0,stockout_corrected_regular_demand,2026-07-01,True
030200072_,2026-10-01,8.6,previous_month,,19.0,True,2026-05-01,20.0,134.0,historical_mean_fallback,,16.0,0.0,stockout_corrected_regular_demand,2026-06-01,True
030200093_,2026-10-01,42.333333333333336,previous_month,,-0.1,True,2026-04-01,9.0,0.0,historical_mean_fallback,,,0.0,stockout_corrected_regular_demand,2026-05-01,True
030200134_,2026-10-01,15.145117648560017,catboost,28.5,0.1111111111111111,False,2026-09-01,64.0,0.0,catboost,,,0.0,stockout_corrected_regular_demand,2026-09-01,True
030200135_,2026-10-01,32.0,previous_month,32.0,-0.6086956521739131,True,2026-08-01,18.0,0.0,rolling_3_fallback,,,0.0,stockout_corrected_regular_demand,2026-09-01,True
030200136_,2026-10-01,6.377029094466025,catboost,24.0,1.0909090909090908,False,2026-09-01,5.0,0.0,catboost,,,0.0,stockout_corrected_regular_demand,2026-07-01,True
030200142_,2026-10-01,6.0,previous_month,,,True,2026-04-01,1.0,0.0,historical_mean_fallback,,,0.0,stockout_corrected_regular_demand,,True
030200176_,2026-10-01,2.5,previous_month,2.5,0.5,True,2026-08-01,3.0,0.0,rolling_3_fallback,,,0.0,stockout_corrected_regular_demand,2026-09-01,True
030200192_,2026-10-01,65026.5,previous_month,65026.5,-0.032897722116344494,True,2026-09-01,50941.0,0.0,rolling_3_fallback,1.0528455284552845,61615.0,0.0,stockout_corrected_regular_demand,2026-09-01,True
030200193_,2026-10-01,37745.0,previous_month,37745.0,-0.07423469387755102,True,2026-09-01,27768.0,0.0,rolling_3_fallback,1.4059681170930958,25149.0,0.0,stockout_corrected_regular_demand,2026-09-01,True
030200201_,2026-10-01,27996.650935118912,seasonal_trend,26193.5,-0.058734158452530945,False,2026-09-01,21765.0,0.0,seasonal_trend,1.246178711613946,22466.0,0.0,stockout_corrected_regular_demand,2026-09-01,True
030200203_,2026-10-01,4928.0,rolling_3,4928.0,-0.3617021276595745,False,2026-09-01,2341.0,0.0,rolling_3,2.0,1336.0,0.0,stockout_corrected_regular_demand,2026-09-01,True
030200219_,2026-10-01,2560.0,previous_year,3617.5,-0.033967391304347824,False,2026-09-01,2979.0,10609.0,previous_year,0.9296612163003379,2560.0,0.0,stockout_corrected_regular_demand,2026-09-01,True
030200220_,2026-10-01,1661.0,previous_year,1648.5,0.01651376146788991,False,2026-09-01,1092.0,0.0,previous_year,1.0817843866171004,1661.0,0.0,stockout_corrected_regular_demand,2026-09-01,True
030200221_,2026-10-01,744.0,previous_month,744.0,-0.41870350690754515,True,2026-09-01,674.0,0.0,rolling_3_fallback,1.1057579318448885,1886.0,0.0,stockout_corrected_regular_demand,2026-09-01,True
030200222_,2026-10-01,416.03350255899903,catboost,476.5,-0.5109375,False,2026-09-01,226.0,0.0,catboost,0.5126728110599078,737.0,0.0,stockout_corrected_regular_demand,2026-09-01,True
030200223_,2026-10-01,805.0,rolling_3,805.0,0.5117004680187207,False,2026-09-01,746.0,0.0,rolling_3,0.7738998482549317,2235.0,0.0,stockout_corrected_regular_demand,2026-09-01,True
030200224_,2026-10-01,2627.5,rolling_3,2627.5,-0.34696445423089023,False,2026-09-01,1850.0,0.0,rolling_3,1.038888888888889,2209.0,0.0,stockout_corrected_regular_demand,2026-09-01,True
030200225_,2026-10-01,1787.5,rolling_3,1787.5,-0.010573177518085699,False,2026-09-01,1943.0,0.0,rolling_3,2.0,1369.0,0.0,stockout_corrected_regular_demand,2026-09-01,True
030200226_,2026-10-01,228.0,previous_year,96.5,46.25,False,2026-09-01,76.0,0.0,previous_year,1.1299435028248588,228.0,0.0,stockout_corrected_regular_demand,2026-09-01,True
030200227_,2026-10-01,246.0,previous_year,521.0,-0.5365168539325843,False,2026-09-01,77.0,0.0,previous_year,0.9969788519637462,246.0,0.0,stockout_corrected_regular_demand,2026-09-01,True
030200243_,2026-10-01,69.0,previous_month,69.0,-0.8333333333333334,True,2026-09-01,14.0,60.0,rolling_3_fallback,,2.0,0.0,stockout_corrected_regular_demand,2026-05-01,True
030200244_,2026-10-01,5.666666666666667,previous_month,,1.875,True,2026-06-01,1.0,0.0,historical_mean_fallback,,,0.0,stockout_corrected_regular_demand,2026-01-01,True
030200245_,2026-10-01,2.0,previous_month,2.0,-0.5,True,2026-09-01,13.0,0.0,rolling_3_fallback,,,0.0,stockout_corrected_regular_demand,2026-08-01,True
030200247_,2026-10-01,24.523809523809526,previous_month,,21.0,True,2026-04-01,1.0,0.0,historical_mean_fallback,,1.0,0.0,stockout_corrected_regular_demand,2025-12-01,True
030200248_,2026-10-01,7.066666666666666,previous_month,,0.6666666666666666,True,2026-05-01,5.0,0.0,historical_mean_fallback,,,0.0,stockout_corrected_regular_demand,2026-06-01,True
030200249_,2026-10-01,4.0,previous_month,4.0,0.0,True,2026-07-01,4.0,47.0,rolling_3_fallback,,1.0,0.0,stockout_corrected_regular_demand,2026-05-01,True
030200250_,2026-10-01,20.0,previous_year,3.0,-0.8333333333333334,False,2026-09-01,6.0,113.0,previous_year,2.0,20.0,0.0,stockout_corrected_regular_demand,2026-07-01,True
030200251_,2026-10-01,9.107142857142858,seasonal_trend,4.0,0.0,False,2026-09-01,11.0,43.0,seasonal_trend,0.6071428571428572,15.0,0.0,stockout_corrected_regular_demand,2026-09-01,True
030200252_,2026-10-01,2.0,previous_month,2.0,-0.5,True,2026-09-01,7.0,0.0,rolling_3_fallback,,12.0,0.0,stockout_corrected_regular_demand,2026-06-01,True
030200256_,2026-10-01,60.458333333333336,previous_month,,-0.9487179487179487,True,2026-04-01,1.0,0.0,historical_mean_fallback,,55.0,0.0,stockout_corrected_regular_demand,2026-02-01,True
030200382_,2026-10-01,5.0,previous_month,5.0,0.25,True,2026-09-01,4.0,119.0,rolling_3_fallback,,9.0,0.0,stockout_corrected_regular_demand,2026-08-01,True
030300014_,2026-10-01,7.0,rolling_3,7.0,-0.4444444444444444,False,2026-09-01,186.0,3209.0,rolling_3,0.5,912.0,0.0,stockout_corrected_regular_demand,2026-09-01,True
030300078_,2026-10-01,5.0,previous_month,5.0,0.0,True,2026-09-01,2.0,0.0,rolling_3_fallback,,,0.0,stockout_corrected_regular_demand,2026-09-01,True
130300026_,2026-10-01,464.5,rolling_3,464.5,0.06444444444444444,False,2026-09-01,5.0,0.0,rolling_3,1.3157894736842106,264.0,0.0,stockout_corrected_regular_demand,2026-09-01,True
130300027_,2026-10-01,739.5,seasonal_trend,142.0,-0.9672727272727273,False,2026-08-01,9.0,2931.0,seasonal_trend,0.5,1479.0,0.0,stockout_corrected_regular_demand,2026-09-01,True
130300028_,2026-10-01,177.00673548642078,catboost,261.0,1.8955223880597014,False,2026-09-01,187.0,0.0,catboost,0.5021441348722095,,0.0,stockout_corrected_regular_demand,2026-09-01,True
280300174_,2026-10-01,182.79166666666666,seasonal_trend,1466.5,0.3806818181818182,False,2026-09-01,398.0,0.0,seasonal_trend,1.1145833333333333,164.0,0.0,stockout_corrected_regular_demand,2026-09-01,True
300200283_,2026-10-01,58.5,rolling_3,58.5,0.8536585365853658,False,2026-09-01,24.0,299.0,rolling_3,0.8735632183908046,38.0,0.0,stockout_corrected_regular_demand,2026-09-01,True
300200284_,2026-10-01,64.5,rolling_3,64.5,0.8666666666666667,False,2026-09-01,29.0,418.0,rolling_3,0.8153846153846154,23.0,0.0,stockout_corrected_regular_demand,2026-09-01,True
300200286_,2026-10-01,5990.5,previous_month,5990.5,-0.09674344718030183,True,2026-09-01,2368.0,0.0,rolling_3_fallback,0.7432241892527025,4152.0,0.0,stockout_corrected_regular_demand,2026-09-01,True
300200287_,2026-10-01,3.0,previous_month,3.0,-0.8,True,2026-08-01,1.0,94.0,rolling_3_fallback,,4.0,0.0,stockout_corrected_regular_demand,2026-09-01,True
300200288_,2026-10-01,39.0,rolling_3,39.0,-0.40816326530612246,False,2026-09-01,16.0,0.0,rolling_3,0.9777777777777777,14.0,0.0,stockout_corrected_regular_demand,2026-09-01,True
300200289_,2026-10-01,148.6836691611586,catboost,134.5,1.7887323943661972,False,2026-09-01,52.0,0.0,catboost,0.6498316498316499,177.0,0.0,stockout_corrected_regular_demand,2026-09-01,True
300200290_,2026-10-01,4.0,previous_month,4.0,-0.7777777777777778,True,2026-08-01,4.0,0.0,rolling_3_fallback,,,0.0,stockout_corrected_regular_demand,2026-07-01,True
300200291_,2026-10-01,45.5,rolling_3,45.5,0.6,False,2026-09-01,32.0,0.0,rolling_3,1.1891891891891893,35.0,0.0,stockout_corrected_regular_demand,2026-09-01,True
300200292_,2026-10-01,2.5,previous_month,2.5,3.0,True,2026-08-01,4.0,0.0,rolling_3_fallback,0.5,3.0,0.0,stockout_corrected_regular_demand,2026-09-01,True
300200293_,2026-10-01,83.96116504854369,seasonal_trend,145.5,0.9693877551020408,False,2026-09-01,91.0,0.0,seasonal_trend,0.6084142394822006,138.0,0.0,stockout_corrected_regular_demand,2026-09-01,True
300200294_,2026-10-01,53.23151650565899,catboost,31.5,2.5,False,2026-09-01,92.0,0.0,catboost,0.5178571428571429,114.0,0.0,stockout_corrected_regular_demand,2026-09-01,True
300200295_,2026-10-01,29.5,rolling_3,29.5,-0.3611111111111111,False,2026-09-01,7.0,0.0,rolling_3,0.5,29.0,0.0,stockout_corrected_regular_demand,2026-09-01,True
300200296_,2026-10-01,381.0,previous_year,651.5,-0.18270571827057183,False,2026-09-01,400.0,0.0,previous_year,1.098814229249012,381.0,0.0,stockout_corrected_regular_demand,2026-09-01,True
300200297_,2026-10-01,510.38619676945666,seasonal_trend,589.0,-0.2070015220700152,False,2026-09-01,332.0,0.0,seasonal_trend,0.7386196769456681,691.0,0.0,stockout_corrected_regular_demand,2026-09-01,True
300200298_,2026-10-01,1321.0,previous_month,1321.0,0.07215686274509804,True,2026-09-01,333.0,0.0,rolling_3_fallback,1.121590909090909,720.0,0.0,stockout_corrected_regular_demand,2026-09-01,True
300200299_,2026-10-01,2.0,previous_month,2.0,-0.6666666666666666,True,2026-09-01,1.0,50.0,rolling_3_fallback,,2.0,0.0,stockout_corrected_regular_demand,2026-01-01,True
300200300_,2026-10-01,2.0,previous_month,2.0,-0.8,True,2026-09-01,3.0,0.0,rolling_3_fallback,,4.0,0.0,stockout_corrected_regular_demand,2026-01-01,True
300200301_,2026-10-01,346.0472267662076,catboost,567.5,0.45670995670995673,False,2026-09-01,435.0,0.0,catboost,0.8920863309352518,455.0,0.0,stockout_corrected_regular_demand,2026-09-01,True
300200302_,2026-10-01,286.0,rolling_3,286.0,0.05017921146953405,False,2026-09-01,246.0,0.0,rolling_3,0.9192982456140351,317.0,0.0,stockout_corrected_regular_demand,2026-09-01,True
300200303_,2026-10-01,4096.5,rolling_3,4096.5,-0.24297662449067123,False,2026-09-01,1664.0,0.0,rolling_3,0.6469941348973607,2809.0,0.0,stockout_corrected_regular_demand,2026-09-01,True
300200304_,2026-10-01,1562.110787208927,catboost,1242.0,0.6510138740661686,False,2026-09-01,751.0,0.0,catboost,0.5801857585139318,932.0,0.0,stockout_corrected_regular_demand,2026-09-01,True
300200305_,2026-10-01,507.0,rolling_3,507.0,0.273542600896861,False,2026-09-01,254.0,0.0,rolling_3,0.6853625170998632,578.0,0.0,stockout_corrected_regular_demand,2026-09-01,True
300200306_,2026-10-01,186.15384615384616,seasonal_trend,178.5,0.5683453237410072,False,2026-09-01,136.0,0.0,seasonal_trend,0.7692307692307693,242.0,0.0,stockout_corrected_regular_demand,2026-09-01,True
300200307_,2026-10-01,41.584217774937315,catboost,22.0,1.3846153846153846,False,2026-09-01,22.0,0.0,catboost,0.5314986737400531,135.0,0.0,stockout_corrected_regular_demand,2026-09-01,True
300200308_,2026-10-01,11.0,previous_year,25.5,23.5,False,2026-09-01,51.0,135.0,previous_year,0.5,11.0,0.0,stockout_corrected_regular_demand,2026-09-01,True
300200309_,2026-10-01,9.0,previous_year,7.5,1.0,False,2026-09-01,1.0,34.0,previous_year,0.625,9.0,0.0,stockout_corrected_regular_demand,2026-09-01,True
300200310_,2026-10-01,15.0,previous_month,15.0,-0.5,True,2026-09-01,5.0,53.0,rolling_3_fallback,,,0.0,stockout_corrected_regular_demand,2026-09-01,True
300200311_,2026-10-01,45.228678289244385,catboost,59.0,0.07017543859649122,False,2026-09-01,87.0,0.0,catboost,0.5,40.0,0.0,stockout_corrected_regular_demand,2026-09-01,True
300200312_,2026-10-01,3.0,previous_month,3.0,-0.6666666666666666,True,2026-07-01,3.0,0.0,rolling_3_fallback,,1.0,0.0,stockout_corrected_regular_demand,2026-08-01,True
300200313_,2026-10-01,31.376337836977086,catboost,39.5,-0.24444444444444444,False,2026-09-01,7.0,788.0,catboost,0.5,67.0,0.0,stockout_corrected_regular_demand,2026-09-01,True
300200314_,2026-10-01,1.697872340425532,seasonal_trend,17.0,-0.64,False,2026-09-01,4.0,645.0,seasonal_trend,0.5659574468085107,3.0,0.0,stockout_corrected_regular_demand,2026-09-01,True
300200315_,2026-10-01,17.933333333333334,previous_month,,3.0,True,2026-06-01,6.0,0.0,historical_mean_fallback,,,0.0,stockout_corrected_regular_demand,2025-08-01,True
300200316_,2026-10-01,2.25,seasonal_trend,6.0,5.0,False,2026-07-01,6.0,0.0,seasonal_trend,0.75,3.0,0.0,stockout_corrected_regular_demand,2026-08-01,True
300200317_,2026-10-01,29.5,previous_month,29.5,0.6818181818181818,True,2026-09-01,69.0,1718.0,rolling_3_fallback,0.7971014492753623,13.0,0.0,stockout_corrected_regular_demand,2026-09-01,True
300200318_,2026-10-01,62.099579806584416,catboost,28.0,7.333333333333333,False,2026-09-01,16.0,541.0,catboost,0.5319148936170213,68.0,0.0,stockout_corrected_regular_demand,2026-09-01,True
300200319_,2026-10-01,461.0,previous_year,455.0,-0.5106382978723404,False,2026-09-01,320.0,0.0,previous_year,0.9510703363914373,461.0,0.0,stockout_corrected_regular_demand,2026-09-01,True
300200320_,2026-10-01,115.5,rolling_3,115.5,-0.6411764705882353,False,2026-09-01,150.0,0.0,rolling_3,1.1728395061728396,130.0,0.0,stockout_corrected_regular_demand,2026-09-01,True
300200321_,2026-10-01,18.5,rolling_3,18.5,-0.9117647058823529,False,2026-09-01,39.0,0.0,rolling_3,0.5,26.0,0.0,stockout_corrected_regular_demand,2026-09-01,True
300200322_,2026-10-01,99.0,rolling_3,99.0,-0.2631578947368421,False,2026-09-01,44.0,0.0,rolling_3,0.5421052631578948,151.0,0.0,stockout_corrected_regular_demand,2026-09-01,True
300200323_,2026-10-01,423.5422290620655,catboost,604.0,-0.3128491620111732,False,2026-09-01,473.0,0.0,catboost,0.7735849056603774,438.0,0.0,stockout_corrected_regular_demand,2026-09-01,True
300200324_,2026-10-01,829.411484990942,catboost,842.5,0.10888610763454318,False,2026-09-01,839.0,0.0,catboost,0.8262668045501551,1029.0,0.0,stockout_corrected_regular_demand,2026-09-01,True
300200325_,2026-10-01,45.0,previous_month,45.0,-0.043478260869565216,True,2026-09-01,57.0,0.0,rolling_3_fallback,1.0232558139534884,40.0,0.0,stockout_corrected_regular_demand,2026-09-01,True
300200326_,2026-10-01,552.8349514563107,seasonal_trend,411.5,0.07304785894206549,False,2026-09-01,212.0,0.0,seasonal_trend,1.3786407766990292,401.0,0.0,stockout_corrected_regular_demand,2026-09-01,True
300200327_,2026-10-01,23.974229236662268,catboost,41.5,-0.15555555555555556,False,2026-09-01,24.0,0.0,catboost,1.2608695652173914,9.0,0.0,stockout_corrected_regular_demand,2026-09-01,True
300200328_,2026-10-01,196.8421052631579,seasonal_trend,248.5,0.05371900826446281,False,2026-09-01,239.0,0.0,seasonal_trend,1.1578947368421053,170.0,0.0,stockout_corrected_regular_demand,2026-09-01,True
300200330_,2026-10-01,2.0,rolling_3,2.0,-0.6666666666666666,False,2026-09-01,10.0,34.0,rolling_3,2.0,,0.0,stockout_corrected_regular_demand,2026-07-01,True
300200331_,2026-10-01,1391.0,rolling_3,1391.0,-0.3391044776119403,False,2026-09-01,495.0,0.0,rolling_3,0.6507936507936508,897.0,0.0,stockout_corrected_regular_demand,2026-09-01,True
300200332_,2026-10-01,270.5,seasonal_trend,458.0,-0.168,False,2026-09-01,381.0,0.0,seasonal_trend,0.5,541.0,0.0,stockout_corrected_regular_demand,2026-09-01,True
300200333_,2026-10-01,642.0,previous_month,642.0,0.057692307692307696,True,2026-09-01,275.0,0.0,rolling_3_fallback,0.7150595882990249,382.0,0.0,stockout_corrected_regular_demand,2026-09-01,True
300200343_,2026-10-01,1737.7134626592656,catboost,1460.0,0.09169054441260745,False,2026-09-01,776.0,0.0,catboost,0.6553147574819401,1523.0,0.0,stockout_corrected_regular_demand,2026-09-01,True
300200346_,2026-10-01,32.111111111111114,previous_month,,-0.047619047619047616,True,2026-04-01,20.0,0.0,historical_mean_fallback,,,0.0,stockout_corrected_regular_demand,2026-05-01,True
300200347_,2026-10-01,17.50978458765178,catboost,3.0,-0.9929577464788732,False,2026-09-01,6.0,45.0,catboost,,4.0,0.0,stockout_corrected_regular_demand,2026-05-01,True
300200348_,2026-10-01,2.0,previous_month,2.0,-0.6666666666666666,True,2026-08-01,1.0,0.0,rolling_3_fallback,,,0.0,stockout_corrected_regular_demand,2026-09-01,True
300200363_,2026-10-01,1.0,previous_month,1.0,0.5,True,2026-09-01,1.0,0.0,rolling_3_fallback,2.0,10.0,0.0,stockout_corrected_regular_demand,2026-07-01,True
300200364_,2026-10-01,42.142857142857146,previous_month,,1.0,True,2026-04-01,29.0,0.0,historical_mean_fallback,,,0.0,stockout_corrected_regular_demand,2026-02-01,True
300200365_,2026-10-01,164.0,rolling_3,164.0,0.15789473684210525,False,2026-09-01,109.0,0.0,rolling_3,0.5,287.0,0.0,stockout_corrected_regular_demand,2026-09-01,True
300200366_,2026-10-01,21.63027589175374,catboost,24.0,-0.07692307692307693,False,2026-09-01,9.0,0.0,catboost,0.5,3.0,0.0,stockout_corrected_regular_demand,2026-08-01,True
300200367_,2026-10-01,6.0,previous_month,6.0,2.4285714285714284,True,2026-07-01,6.0,0.0,rolling_3_fallback,,3.0,0.0,stockout_corrected_regular_demand,2026-06-01,True
300200368_,2026-10-01,1.0,rolling_3,1.0,0.0,False,2026-09-01,2.0,0.0,rolling_3,0.5,7.0,0.0,stockout_corrected_regular_demand,2026-09-01,True
300200370_,2026-10-01,2.0,previous_month,2.0,-0.6666666666666666,True,2026-08-01,2.0,0.0,rolling_3_fallback,,,0.0,stockout_corrected_regular_demand,2026-01-01,True
300200371_,2026-10-01,7.945100725742918,catboost,22.5,0.25,False,2026-09-01,1.0,0.0,catboost,0.6666666666666666,6.0,0.0,stockout_corrected_regular_demand,2026-09-01,True
300200372_,2026-10-01,9.5,previous_month,9.5,-0.6428571428571429,True,2026-08-01,5.0,0.0,rolling_3_fallback,0.5882352941176471,2.0,0.0,stockout_corrected_regular_demand,2026-09-01,True
300200373_,2026-10-01,17.0,previous_year,19.0,-0.525,False,2026-09-01,2.0,167.0,previous_year,2.0,17.0,0.0,stockout_corrected_regular_demand,2026-08-01,True
300200374_,2026-10-01,11.610806558586887,catboost,26.5,-0.94,False,2026-09-01,20.0,100.0,catboost,0.5,2.0,0.0,stockout_corrected_regular_demand,2026-09-01,True
300200375_,2026-10-01,17.5,rolling_3,17.5,1.5,False,2026-09-01,14.0,0.0,rolling_3,1.0476190476190477,23.0,0.0,stockout_corrected_regular_demand,2026-09-01,True
300200376_,2026-10-01,122.0,rolling_3,122.0,0.25925925925925924,False,2026-09-01,50.0,0.0,rolling_3,0.8494983277591973,46.0,0.0,stockout_corrected_regular_demand,2026-09-01,True
300200377_,2026-10-01,42.0,rolling_3,42.0,-0.4727272727272727,False,2026-09-01,36.0,0.0,rolling_3,0.5,64.0,0.0,stockout_corrected_regular_demand,2026-09-01,True
300200378_,2026-10-01,13.5,seasonal_trend,10.0,0.0,False,2026-09-01,12.0,0.0,seasonal_trend,0.5,27.0,0.0,stockout_corrected_regular_demand,2026-09-01,True
300200379_,2026-10-01,11.5,seasonal_trend,1.5,-0.5,False,2026-08-01,1.0,0.0,seasonal_trend,0.5,23.0,0.0,stockout_corrected_regular_demand,2026-09-01,True
300200380_,2026-10-01,1.0,previous_month,1.0,5.0,True,2026-07-01,1.0,0.0,rolling_3_fallback,,2.0,0.0,stockout_corrected_regular_demand,2026-06-01,True
300200413_,2026-10-01,18.5,rolling_3,18.5,2.625,False,2026-09-01,7.0,0.0,rolling_3,1.1818181818181819,20.0,0.0,stockout_corrected_regular_demand,2026-09-01,True
300200420_,2026-10-01,7.529411764705882,previous_month,,0.16666666666666666,True,2026-09-01,1.0,40.0,historical_mean_fallback,,3.0,0.0,stockout_corrected_regular_demand,2026-01-01,True
300200421_,2026-10-01,12.28,previous_month,,1.25,True,2026-09-01,1.0,0.0,historical_mean_fallback,,2.0,0.0,stockout_corrected_regular_demand,2026-07-01,True
300200422_,2026-10-01,1.0,previous_month,1.0,0.0,True,2026-09-01,2.0,23.0,rolling_3_fallback,,3.0,0.0,stockout_corrected_regular_demand,2026-01-01,True
300200424_,2026-10-01,4.176470588235294,previous_month,,0.0,True,2026-05-01,1.0,0.0,historical_mean_fallback,,,0.0,stockout_corrected_regular_demand,2026-06-01,True
300200428_,2026-10-01,129.5,rolling_3,129.5,-0.08148148148148149,False,2026-09-01,81.0,0.0,rolling_3,0.7294117647058823,212.0,0.0,stockout_corrected_regular_demand,2026-09-01,True
300200429_,2026-10-01,22.24124605480381,catboost,31.0,2.875,False,2026-09-01,7.0,0.0,catboost,1.4285714285714286,9.0,0.0,stockout_corrected_regular_demand,2026-08-01,True
300200430_,2026-10-01,28.0,rolling_3,28.0,0.24,False,2026-08-01,31.0,232.0,rolling_3,1.3416666666666668,23.0,0.0,stockout_corrected_regular_demand,2026-09-01,True
300200431_,2026-10-01,10.5,previous_month,10.5,-0.7647058823529411,True,2026-09-01,12.0,101.0,rolling_3_fallback,0.5,,0.0,stockout_corrected_regular_demand,2026-09-01,True
300200432_,2026-10-01,15.0,rolling_3,15.0,-0.5714285714285714,False,2026-09-01,2.0,0.0,rolling_3,0.6923076923076923,11.0,0.0,stockout_corrected_regular_demand,2026-09-01,True
300200433_,2026-10-01,5.448765901073557,catboost,1.0,0.0,False,2026-08-01,1.0,0.0,catboost,0.5,7.0,0.0,stockout_corrected_regular_demand,2026-09-01,True
300200434_,2026-10-01,7.5,previous_month,,6.0,True,2026-08-01,-14.0,73.0,historical_mean_fallback,,,0.0,stockout_corrected_regular_demand,2026-07-01,True
300200435_,2026-10-01,58.0,rolling_3,58.0,-0.8163265306122449,False,2026-09-01,33.0,0.0,rolling_3,0.5,351.0,0.0,stockout_corrected_regular_demand,2026-09-01,True
300200436_,2026-10-01,5.0,rolling_3,5.0,-0.875,False,2026-09-01,22.0,0.0,rolling_3,0.5,128.0,0.0,stockout_corrected_regular_demand,2026-08-01,True
300200437_,2026-10-01,27.5,rolling_3,27.5,-0.4722222222222222,False,2026-09-01,14.0,0.0,rolling_3,0.5277777777777778,32.0,0.0,stockout_corrected_regular_demand,2026-09-01,True
300200438_,2026-10-01,11.0,previous_month,11.0,0.2,True,2026-09-01,4.0,123.0,rolling_3_fallback,0.6410256410256411,29.0,0.0,stockout_corrected_regular_demand,2026-09-01,True
300200439_,2026-10-01,9.0,rolling_3,9.0,1.6,False,2026-08-01,13.0,0.0,rolling_3,0.9166666666666666,,0.0,stockout_corrected_regular_demand,2026-09-01,True
300200440_,2026-10-01,5.961237973625089,catboost,11.0,-0.5925925925925926,False,2026-09-01,11.0,0.0,catboost,0.5879781420765027,44.0,0.0,stockout_corrected_regular_demand,2026-08-01,True
300200441_,2026-10-01,1.0,previous_month,1.0,3.0,True,2026-08-01,1.0,0.0,rolling_3_fallback,,,0.0,stockout_corrected_regular_demand,2025-10-01,True
300200443_,2026-10-01,14.909090909090908,previous_month,,-0.5,True,2026-08-01,-10.0,0.0,historical_mean_fallback,,3.0,0.0,stockout_corrected_regular_demand,2026-01-01,True
300200444_,2026-10-01,9.285714285714286,previous_month,,-0.6666666666666666,True,2026-08-01,-8.0,40.0,historical_mean_fallback,,,0.0,stockout_corrected_regular_demand,2024-12-01,True
300200445_,2026-10-01,1.0,previous_month,1.0,-0.6666666666666666,True,2026-08-01,-7.0,0.0,rolling_3_fallback,,,0.0,stockout_corrected_regular_demand,2026-08-01,True
300200446_,2026-10-01,5.448765901073557,catboost,,-0.5,False,2026-06-01,4.0,0.0,catboost,0.6666666666666666,,0.0,stockout_corrected_regular_demand,2026-07-01,True
300200448_,2026-10-01,4.545454545454546,previous_month,,-0.7272727272727273,True,2026-08-01,-7.0,0.0,historical_mean_fallback,,,0.0,stockout_corrected_regular_demand,2024-11-01,True
300200449_,2026-10-01,7.0476190476190474,previous_month,,0.5,True,2026-08-01,-8.0,0.0,historical_mean_fallback,,2.0,0.0,stockout_corrected_regular_demand,2025-12-01,True
300200450_,2026-10-01,5.5,previous_month,,0.0,True,2026-04-01,1.0,0.0,historical_mean_fallback,,,0.0,stockout_corrected_regular_demand,2024-08-01,True
300200452_,2026-10-01,2.888888888888889,previous_month,,0.0,True,2026-07-01,-2.0,0.0,historical_mean_fallback,,2.0,0.0,stockout_corrected_regular_demand,2025-11-01,True
300200459_,2026-10-01,49.5,rolling_3,49.5,-0.5652173913043478,False,2026-09-01,49.0,0.0,rolling_3,0.5,61.0,0.0,stockout_corrected_regular_demand,2026-09-01,True
300200460_,2026-10-01,21.913043478260867,seasonal_trend,32.5,-0.19444444444444445,False,2026-09-01,25.0,0.0,seasonal_trend,0.5217391304347826,42.0,0.0,stockout_corrected_regular_demand,2026-09-01,True
300200461_,2026-10-01,10.818181818181818,seasonal_trend,19.5,0.29411764705882354,False,2026-09-01,16.0,0.0,seasonal_trend,0.5151515151515151,21.0,0.0,stockout_corrected_regular_demand,2026-09-01,True
300200462_,2026-10-01,34.833333333333336,seasonal_trend,54.5,1.303030303030303,False,2026-09-01,8.0,0.0,seasonal_trend,0.5277777777777778,66.0,0.0,stockout_corrected_regular_demand,2026-09-01,True
300200463_,2026-10-01,314.16142735768904,seasonal_trend,746.5,-0.2759815242494226,False,2026-09-01,499.0,0.0,seasonal_trend,0.5531011045029737,568.0,0.0,stockout_corrected_regular_demand,2026-09-01,True
300200464_,2026-10-01,228.60677083333331,seasonal_trend,385.0,0.14484679665738162,False,2026-09-01,213.0,0.0,seasonal_trend,0.6315104166666666,362.0,0.0,stockout_corrected_regular_demand,2026-09-01,True
300200465_,2026-10-01,163.5,previous_month,163.5,-0.39705882352941174,True,2026-09-01,45.0,0.0,rolling_3_fallback,0.7699115044247787,181.0,0.0,stockout_corrected_regular_demand,2026-09-01,True
300200466_,2026-10-01,104.80832010511199,catboost,178.5,-0.60546875,False,2026-09-01,37.0,0.0,catboost,0.7318840579710145,145.0,0.0,stockout_corrected_regular_demand,2026-09-01,True
300200467_,2026-10-01,26.7288703385766,catboost,30.5,-0.5813953488372093,False,2026-09-01,8.0,0.0,catboost,1.1428571428571428,14.0,0.0,stockout_corrected_regular_demand,2026-09-01,True
300200468_,2026-10-01,61.806118282235616,catboost,89.5,0.9833333333333333,False,2026-09-01,30.0,0.0,catboost,0.5084745762711864,97.0,0.0,stockout_corrected_regular_demand,2026-09-01,True
300200471_,2026-10-01,17.5,rolling_3,17.5,-0.25,False,2026-08-01,15.0,0.0,rolling_3,0.7142857142857143,2.0,0.0,stockout_corrected_regular_demand,2026-09-01,True
300200472_,2026-10-01,75.0,rolling_3,75.0,1.0,False,2026-09-01,19.0,0.0,rolling_3,0.704225352112676,27.0,0.0,stockout_corrected_regular_demand,2026-09-01,True
300200496_,2026-10-01,6.0,previous_year,6.0,0.2,True,2026-09-01,18.0,137.0,rolling_3_fallback,,,0.0,stockout_corrected_regular_demand,2026-07-01,True
300200498_,2026-10-01,110.21869818546998,catboost,112.0,3.4634146341463414,False,2026-09-01,46.0,0.0,catboost,0.5595667870036101,81.0,0.0,stockout_corrected_regular_demand,2026-09-01,True
300200511_,2026-10-01,4.0,previous_month,4.0,-0.8888888888888888,True,2026-08-01,4.0,0.0,rolling_3_fallback,,,0.0,stockout_corrected_regular_demand,2026-04-01,True
300200515_,2026-10-01,107.5,rolling_3,107.5,-0.7125748502994012,False,2026-09-01,47.0,0.0,rolling_3,0.5,158.0,0.0,stockout_corrected_regular_demand,2026-09-01,True
300200516_,2026-10-01,44.5,rolling_3,44.5,15.8,False,2026-09-01,21.0,0.0,rolling_3,0.5,105.0,0.0,stockout_corrected_regular_demand,2026-09-01,True
300200518_,2026-10-01,42.0,previous_year,10.5,19.0,False,2026-09-01,15.0,78.0,previous_year,0.5576923076923077,42.0,0.0,stockout_corrected_regular_demand,2026-09-01,True
300200519_,2026-10-01,61.19652888568544,catboost,46.0,4.571428571428571,False,2026-09-01,18.0,0.0,catboost,0.6621621621621622,41.0,0.0,stockout_corrected_regular_demand,2026-09-01,True
300200520_,2026-10-01,209.0,previous_year,118.0,-0.112,False,2026-09-01,138.0,0.0,previous_year,1.0416666666666667,209.0,0.0,stockout_corrected_regular_demand,2026-09-01,True
300200521_,2026-10-01,13.0,previous_month,13.0,12.0,True,2026-09-01,9.0,59.0,rolling_3_fallback,,5.0,0.0,stockout_corrected_regular_demand,2026-08-01,True
300200523_,2026-10-01,7.0,previous_month,7.0,0.3333333333333333,True,2026-09-01,2.0,0.0,rolling_3_fallback,1.0,13.0,0.0,stockout_corrected_regular_demand,2026-09-01,True
300200524_,2026-10-01,3.0,previous_month,3.0,-0.7142857142857143,True,2026-08-01,3.0,0.0,rolling_3_fallback,,4.0,0.0,stockout_corrected_regular_demand,2024-12-01,True
300200525_,2026-10-01,1.0,previous_month,1.0,0.0,True,2026-09-01,1.0,0.0,rolling_3_fallback,,,0.0,stockout_corrected_regular_demand,2026-04-01,True
300200526_,2026-10-01,8.5,rolling_3,8.5,0.42857142857142855,False,2026-09-01,7.0,0.0,rolling_3,2.0,5.0,0.0,stockout_corrected_regular_demand,2026-09-01,True
300200527_,2026-10-01,3.0,rolling_3,3.0,-0.5,False,2026-09-01,1.0,0.0,rolling_3,,12.0,0.0,stockout_corrected_regular_demand,2026-09-01,True
300200530_,2026-10-01,5.0,previous_month,5.0,-0.5,True,2026-07-01,5.0,0.0,rolling_3_fallback,,1.0,0.0,stockout_corrected_regular_demand,2025-11-01,True
300200531_,2026-10-01,2.0,previous_month,2.0,0.0,True,2026-09-01,12.0,0.0,rolling_3_fallback,2.0,14.0,0.0,stockout_corrected_regular_demand,2026-09-01,True
300200532_,2026-10-01,1.0,previous_month,1.0,0.0,True,2026-08-01,1.0,0.0,rolling_3_fallback,,,0.0,stockout_corrected_regular_demand,2026-09-01,True
300200533_,2026-10-01,1.0,previous_month,1.0,0.5,True,2026-09-01,23.0,0.0,rolling_3_fallback,,3.0,0.0,stockout_corrected_regular_demand,2025-11-01,True
300200534_,2026-10-01,3.0,previous_month,3.0,-0.6,True,2026-08-01,3.0,0.0,rolling_3_fallback,,3.0,0.0,stockout_corrected_regular_demand,2026-05-01,True
300200536_,2026-10-01,72.5,rolling_3,72.5,0.07142857142857142,False,2026-09-01,91.0,0.0,rolling_3,0.6369426751592356,113.0,0.0,stockout_corrected_regular_demand,2026-09-01,True
300200537_,2026-10-01,22.927981488434057,catboost,38.5,-0.075,False,2026-09-01,24.0,0.0,catboost,1.5384615384615385,38.0,0.0,stockout_corrected_regular_demand,2026-09-01,True
300200538_,2026-10-01,11.0,seasonal_trend,13.0,-0.14285714285714285,False,2026-09-01,16.0,0.0,seasonal_trend,1.0,11.0,0.0,stockout_corrected_regular_demand,2026-09-01,True
300200539_,2026-10-01,15.0,previous_year,5.0,0.5,False,2026-09-01,2.0,0.0,previous_year,0.6666666666666666,15.0,0.0,stockout_corrected_regular_demand,2026-09-01,True
300200540_,2026-10-01,2.5,previous_month,2.5,-0.75,True,2026-09-01,8.0,0.0,rolling_3_fallback,,1.0,0.0,stockout_corrected_regular_demand,2026-09-01,True
300200541_,2026-10-01,1.0,previous_month,1.0,-0.9444444444444444,True,2026-09-01,2.0,0.0,rolling_3_fallback,,15.0,0.0,stockout_corrected_regular_demand,2026-01-01,True
300200542_,2026-10-01,577.9459459459459,seasonal_trend,785.5,1.110891089108911,False,2026-09-01,249.0,0.0,seasonal_trend,0.7726550079491256,748.0,0.0,stockout_corrected_regular_demand,2026-09-01,True
300200543_,2026-10-01,65.34901209871214,catboost,54.5,0.9459459459459459,False,2026-09-01,56.0,0.0,catboost,1.1076923076923078,88.0,0.0,stockout_corrected_regular_demand,2026-09-01,True
300200544_,2026-10-01,11.0,previous_month,11.0,-0.15384615384615385,True,2026-09-01,5.0,0.0,rolling_3_fallback,2.0,,0.0,stockout_corrected_regular_demand,2026-08-01,True
300200545_,2026-10-01,23.674134668782585,catboost,24.0,0.18181818181818182,False,2026-09-01,19.0,0.0,catboost,1.1314285714285715,27.0,0.0,stockout_corrected_regular_demand,2026-09-01,True
300200546_,2026-10-01,2.0,previous_month,2.0,-0.3333333333333333,True,2026-09-01,19.0,0.0,rolling_3_fallback,,,0.0,stockout_corrected_regular_demand,2026-08-01,True
300200547_,2026-10-01,14.5,rolling_3,14.5,2.142857142857143,False,2026-09-01,11.0,0.0,rolling_3,0.7,4.0,0.0,stockout_corrected_regular_demand,2026-09-01,True
300200548_,2026-10-01,26.7288703385766,catboost,24.0,1.6923076923076923,False,2026-09-01,7.0,148.0,catboost,0.7108585858585859,26.0,0.0,stockout_corrected_regular_demand,2026-09-01,True
300200549_,2026-10-01,31.376337836977086,catboost,34.0,0.26666666666666666,False,2026-09-01,4.0,320.0,catboost,0.7057692307692307,67.0,0.0,stockout_corrected_regular_demand,2026-09-01,True
300200551_,2026-10-01,19.0,previous_year,6.0,-0.6666666666666666,False,2026-09-01,10.0,0.0,previous_year,0.7666666666666666,19.0,0.0,stockout_corrected_regular_demand,2026-09-01,True
300200552_,2026-10-01,26.7288703385766,catboost,31.0,0.9523809523809523,False,2026-09-01,22.0,0.0,catboost,0.5942028985507246,26.0,0.0,stockout_corrected_regular_demand,2026-09-01,True
300200553_,2026-10-01,53.13967481690463,catboost,56.0,3.6,False,2026-09-01,33.0,0.0,catboost,0.5,52.0,0.0,stockout_corrected_regular_demand,2026-09-01,True
300200554_,2026-10-01,3.0,previous_month,3.0,-0.75,True,2026-08-01,3.0,0.0,rolling_3_fallback,,1.0,0.0,stockout_corrected_regular_demand,2025-09-01,True
300200555_,2026-10-01,11.0,previous_month,11.0,-0.5,True,2026-09-01,3.0,118.0,rolling_3_fallback,,10.0,0.0,stockout_corrected_regular_demand,2026-02-01,True
300200556_,2026-10-01,5.5,previous_month,5.5,-0.16666666666666666,True,2026-09-01,2.0,0.0,rolling_3_fallback,0.5,9.0,0.0,stockout_corrected_regular_demand,2026-09-01,True
300200557_,2026-10-01,3.4,previous_month,,-0.5,True,2026-05-01,1.0,0.0,historical_mean_fallback,,,0.0,stockout_corrected_regular_demand,2026-06-01,True
300200558_,2026-10-01,246.91110399030958,catboost,389.5,0.6053511705685619,False,2026-09-01,158.0,0.0,catboost,0.6808873720136519,297.0,0.0,stockout_corrected_regular_demand,2026-09-01,True
300200559_,2026-10-01,250.0,previous_year,201.0,2.4175824175824174,False,2026-09-01,87.0,0.0,previous_year,1.1764705882352942,250.0,0.0,stockout_corrected_regular_demand,2026-09-01,True
300200560_,2026-10-01,55.73333333333333,seasonal_trend,83.5,0.9821428571428571,False,2026-09-01,33.0,0.0,seasonal_trend,0.7333333333333333,76.0,0.0,stockout_corrected_regular_demand,2026-09-01,True
300200561_,2026-10-01,21.663337323599308,catboost,21.0,0.625,False,2026-09-01,9.0,0.0,catboost,0.6174242424242424,29.0,0.0,stockout_corrected_regular_demand,2026-09-01,True
300200562_,2026-10-01,1.0,seasonal_trend,5.5,9.0,False,2026-08-01,10.0,85.0,seasonal_trend,0.5,2.0,0.0,stockout_corrected_regular_demand,2026-09-01,True
300200563_,2026-10-01,31.309429176778053,catboost,49.5,0.15217391304347827,False,2026-09-01,9.0,0.0,catboost,1.0816326530612246,25.0,0.0,stockout_corrected_regular_demand,2026-09-01,True
300200564_,2026-10-01,51.018518518518526,seasonal_trend,83.5,-0.08045977011494253,False,2026-09-01,94.0,0.0,seasonal_trend,0.5370370370370371,95.0,0.0,stockout_corrected_regular_demand,2026-09-01,True
300200565_,2026-10-01,10.448862257397536,catboost,17.0,9.333333333333334,False,2026-09-01,1.0,0.0,catboost,2.0,17.0,0.0,stockout_corrected_regular_demand,2026-09-01,True
300200567_,2026-10-01,8.0,rolling_3,8.0,-0.7692307692307693,False,2026-08-01,3.0,0.0,rolling_3,,7.0,0.0,stockout_corrected_regular_demand,2026-09-01,True
300200569_,2026-10-01,2.0,previous_month,2.0,0.0,True,2026-07-01,2.0,0.0,rolling_3_fallback,,,0.0,stockout_corrected_regular_demand,2026-01-01,True
300200570_,2026-10-01,1.0,seasonal_trend,2.0,-0.875,False,2026-09-01,4.0,28.0,seasonal_trend,1.0,1.0,0.0,stockout_corrected_regular_demand,2026-07-01,True
300200571_,2026-10-01,7.0,previous_month,7.0,-0.3333333333333333,True,2026-09-01,3.0,24.0,rolling_3_fallback,,4.0,0.0,stockout_corrected_regular_demand,2026-05-01,True
300200573_,2026-10-01,1.0,previous_month,1.0,-0.8,True,2026-08-01,1.0,0.0,rolling_3_fallback,,,0.0,stockout_corrected_regular_demand,2024-06-01,True
300200574_,2026-10-01,5.0,previous_month,5.0,1.0,True,2026-09-01,4.0,0.0,rolling_3_fallback,,11.0,0.0,stockout_corrected_regular_demand,2026-06-01,True
300200575_,2026-10-01,14.772727272727273,previous_month,,0.6666666666666666,True,2026-09-01,8.0,0.0,historical_mean_fallback,,18.0,0.0,stockout_corrected_regular_demand,2026-07-01,True
300200576_,2026-10-01,30.0,previous_month,30.0,1.5,True,2026-09-01,6.0,48.0,rolling_3_fallback,2.0,9.0,0.0,stockout_corrected_regular_demand,2026-07-01,True
300200579_,2026-10-01,38.49350649350649,seasonal_trend,56.5,0.8974358974358975,False,2026-09-01,55.0,0.0,seasonal_trend,0.5064935064935064,76.0,0.0,stockout_corrected_regular_demand,2026-09-01,True
300200580_,2026-10-01,14.0,previous_year,16.0,-0.896551724137931,False,2026-09-01,28.0,0.0,previous_year,0.725,14.0,0.0,stockout_corrected_regular_demand,2026-09-01,True
300200581_,2026-10-01,11.0,previous_month,11.0,10.0,True,2026-09-01,13.0,0.0,rolling_3_fallback,0.7307692307692308,5.0,0.0,stockout_corrected_regular_demand,2026-08-01,True
300200582_,2026-10-01,1.0,previous_month,1.0,0.0,True,2026-08-01,1.0,0.0,rolling_3_fallback,0.5,1.0,0.0,stockout_corrected_regular_demand,2026-07-01,True
300200583_,2026-10-01,4.470588235294118,previous_month,,1.0,True,2026-09-01,1.0,0.0,historical_mean_fallback,,,0.0,stockout_corrected_regular_demand,2026-07-01,True
300200584_,2026-10-01,3.0,previous_year,3.0,-0.2222222222222222,True,2026-09-01,4.0,0.0,rolling_3_fallback,,,0.0,stockout_corrected_regular_demand,2026-05-01,True
300200588_,2026-10-01,47.0,rolling_3,47.0,-0.5727272727272728,False,2026-09-01,33.0,0.0,rolling_3,0.5,145.0,0.0,stockout_corrected_regular_demand,2026-08-01,True
300200590_,2026-10-01,14.0,rolling_3,14.0,0.8,False,2026-09-01,22.0,0.0,rolling_3,1.9044117647058822,,0.0,stockout_corrected_regular_demand,2026-09-01,True
300200591_,2026-10-01,6.0,rolling_3,6.0,-0.8,False,2026-09-01,11.0,0.0,rolling_3,0.5277777777777778,2.0,0.0,stockout_corrected_regular_demand,2026-09-01,True
300200592_,2026-10-01,68.0,previous_year,66.5,0.8913043478260869,False,2026-09-01,47.0,0.0,previous_year,0.9295774647887324,68.0,0.0,stockout_corrected_regular_demand,2026-09-01,True
300200593_,2026-10-01,48.14229249011858,seasonal_trend,82.5,3.3225806451612905,False,2026-09-01,48.0,0.0,seasonal_trend,0.6877470355731226,70.0,0.0,stockout_corrected_regular_demand,2026-09-01,True
300200595_,2026-10-01,12.5,previous_month,12.5,0.7777777777777778,True,2026-09-01,11.0,0.0,rolling_3_fallback,1.475,13.0,0.0,stockout_corrected_regular_demand,2026-09-01,True
300200624_,2026-10-01,15.088655288232417,catboost,67.0,-0.8947368421052632,False,2026-09-01,16.0,0.0,catboost,,46.0,0.0,stockout_corrected_regular_demand,2026-06-01,True
300200632_,2026-10-01,42.77793885022095,catboost,95.0,-0.34375,False,2026-09-01,10.0,0.0,catboost,0.5957871396895786,100.0,0.0,stockout_corrected_regular_demand,2026-07-01,True
300200700_,2026-10-01,52.57142857142857,seasonal_trend,111.0,0.43956043956043955,False,2026-09-01,139.0,0.0,seasonal_trend,0.5714285714285714,92.0,0.0,stockout_corrected_regular_demand,2026-09-01,True
300200704_,2026-10-01,4.0,previous_month,4.0,0.0,True,2026-09-01,66.0,0.0,rolling_3_fallback,0.5,5.0,0.0,stockout_corrected_regular_demand,2026-09-01,True
300200718_,2026-10-01,228.27609819059592,catboost,270.0,0.8125,False,2026-09-01,236.0,0.0,catboost,0.6850393700787402,308.0,0.0,stockout_corrected_regular_demand,2026-09-01,True
300200719_,2026-10-01,22.25,previous_month,,0.2,True,2026-09-01,26.0,112.0,historical_mean_fallback,,,0.0,stockout_corrected_regular_demand,2026-07-01,True
300200720_,2026-10-01,37.5,rolling_3,37.5,1.0,False,2026-09-01,6.0,0.0,rolling_3,2.0,41.0,0.0,stockout_corrected_regular_demand,2026-09-01,True
300200721_,2026-10-01,2.0,previous_month,2.0,0.0,True,2026-08-01,2.0,0.0,rolling_3_fallback,,,0.0,stockout_corrected_regular_demand,2026-07-01,True
300200722_,2026-10-01,9.602318637021312,catboost,34.5,0.5555555555555556,False,2026-09-01,1.0,0.0,catboost,1.2777777777777777,12.0,0.0,stockout_corrected_regular_demand,2026-09-01,True
300200723_,2026-10-01,5.0,previous_month,5.0,-0.5,True,2026-09-01,1.0,0.0,rolling_3_fallback,,,0.0,stockout_corrected_regular_demand,2026-02-01,True
300200724_,2026-10-01,2.391720807662068,catboost,4.0,-0.6,False,2026-09-01,1.0,0.0,catboost,0.6666666666666667,1.0,0.0,stockout_corrected_regular_demand,2026-07-01,True
300200725_,2026-10-01,24.5,previous_month,24.5,2.4545454545454546,True,2026-09-01,6.0,81.0,rolling_3_fallback,0.6000000000000001,3.0,0.0,stockout_corrected_regular_demand,2026-09-01,True
300200726_,2026-10-01,4.263906589296425,catboost,19.0,1.8,False,2026-09-01,12.0,60.0,catboost,0.5630952380952381,16.0,0.0,stockout_corrected_regular_demand,2026-07-01,True
300200728_,2026-10-01,4.5,rolling_3,4.5,0.25,False,2026-09-01,1.0,0.0,rolling_3,1.6,,0.0,stockout_corrected_regular_demand,2026-09-01,True
300200729_,2026-10-01,4.337081494192262,catboost,15.0,-0.23529411764705882,False,2026-09-01,3.0,311.0,catboost,,10.0,0.0,stockout_corrected_regular_demand,2026-09-01,True
300200730_,2026-10-01,18.0,rolling_3,18.0,2.0,False,2026-09-01,10.0,0.0,rolling_3,0.5,3.0,0.0,stockout_corrected_regular_demand,2026-09-01,True
300200731_,2026-10-01,2.0,previous_month,2.0,-0.6,True,2026-08-01,2.0,0.0,rolling_3_fallback,,,0.0,stockout_corrected_regular_demand,2025-07-01,True
300200732_,2026-10-01,4.5,previous_year,4.5,2.5,True,2026-08-01,7.0,32.0,rolling_3_fallback,2.0,,0.0,stockout_corrected_regular_demand,2026-09-01,True
300200733_,2026-10-01,2.0,previous_month,2.0,0.0,True,2026-09-01,4.0,0.0,rolling_3_fallback,0.5,,0.0,stockout_corrected_regular_demand,2026-05-01,True
300200734_,2026-10-01,1.1428571428571428,previous_month,,0.0,True,2026-06-01,1.0,0.0,historical_mean_fallback,,1.0,0.0,stockout_corrected_regular_demand,2024-07-01,True
300200735_,2026-10-01,154.90880218140637,catboost,212.0,4.235294117647059,False,2026-09-01,229.0,0.0,catboost,0.8605577689243028,52.0,0.0,stockout_corrected_regular_demand,2026-09-01,True
300200736_,2026-10-01,72.2909090909091,seasonal_trend,64.5,0.2631578947368421,False,2026-09-01,87.0,0.0,seasonal_trend,0.6454545454545455,112.0,0.0,stockout_corrected_regular_demand,2026-09-01,True
300200737_,2026-10-01,15.155555555555555,seasonal_trend,34.5,-0.18421052631578946,False,2026-09-01,22.0,0.0,seasonal_trend,0.6888888888888889,22.0,0.0,stockout_corrected_regular_demand,2026-09-01,True
300200738_,2026-10-01,20.0,previous_month,20.0,0.35294117647058826,True,2026-09-01,6.0,0.0,rolling_3_fallback,0.6388888888888888,8.0,0.0,stockout_corrected_regular_demand,2026-09-01,True
300200739_,2026-10-01,1.0,previous_month,1.0,1.0,True,2026-09-01,1.0,0.0,rolling_3_fallback,,1.0,0.0,stockout_corrected_regular_demand,2025-12-01,True
300200740_,2026-10-01,3.0,seasonal_trend,9.0,0.5714285714285714,False,2026-09-01,2.0,0.0,seasonal_trend,0.5,6.0,0.0,stockout_corrected_regular_demand,2026-09-01,True
300200741_,2026-10-01,35.45454545454545,seasonal_trend,34.0,-0.4888888888888889,False,2026-09-01,83.0,0.0,seasonal_trend,0.7090909090909091,50.0,0.0,stockout_corrected_regular_demand,2026-09-01,True
300200742_,2026-10-01,122.22857142857143,seasonal_trend,117.0,4.324324324324325,False,2026-09-01,59.0,0.0,seasonal_trend,0.8857142857142857,138.0,0.0,stockout_corrected_regular_demand,2026-09-01,True
300200743_,2026-10-01,18.0,previous_month,18.0,1.0,True,2026-09-01,7.0,0.0,rolling_3_fallback,1.3846153846153846,10.0,0.0,stockout_corrected_regular_demand,2026-09-01,True
300200744_,2026-10-01,269.0,previous_year,136.0,1.8857142857142857,False,2026-09-01,289.0,844.0,previous_year,1.0714817572598658,269.0,0.0,stockout_corrected_regular_demand,2026-09-01,True
300200745_,2026-10-01,62.00959072623289,catboost,77.0,0.9056603773584906,False,2026-09-01,120.0,0.0,catboost,0.7767857142857143,70.0,0.0,stockout_corrected_regular_demand,2026-09-01,True
300200746_,2026-10-01,54.32644083205378,catboost,68.5,-0.24358974358974358,False,2026-09-01,92.0,0.0,catboost,1.164179104477612,89.0,0.0,stockout_corrected_regular_demand,2026-09-01,True
300200747_,2026-10-01,1.0,previous_month,1.0,-0.8571428571428571,True,2026-09-01,21.0,0.0,rolling_3_fallback,,1.0,0.0,stockout_corrected_regular_demand,2025-11-01,True
300200748_,2026-10-01,1.5,rolling_3,1.5,-0.5,False,2026-09-01,2.0,0.0,rolling_3,0.875,9.0,0.0,stockout_corrected_regular_demand,2026-09-01,True
300200749_,2026-10-01,55.5,rolling_3,55.5,0.01818181818181818,False,2026-09-01,53.0,0.0,rolling_3,1.1224489795918366,28.0,0.0,stockout_corrected_regular_demand,2026-09-01,True
300200750_,2026-10-01,13.35483870967742,seasonal_trend,18.5,1.0833333333333333,False,2026-09-01,37.0,0.0,seasonal_trend,0.7419354838709677,18.0,0.0,stockout_corrected_regular_demand,2026-09-01,True
300200751_,2026-10-01,97.92902674026573,catboost,113.5,1.6031746031746033,False,2026-09-01,60.0,425.0,catboost,1.9074074074074074,83.0,0.0,stockout_corrected_regular_demand,2026-09-01,True
300200752_,2026-10-01,61.79814755339589,catboost,75.5,1.02,False,2026-09-01,68.0,0.0,catboost,0.7936507936507936,96.0,0.0,stockout_corrected_regular_demand,2026-09-01,True
300200753_,2026-10-01,18.5,rolling_3,18.5,-0.4583333333333333,False,2026-09-01,5.0,0.0,rolling_3,1.0909090909090908,25.0,0.0,stockout_corrected_regular_demand,2026-09-01,True
300200754_,2026-10-01,5.0,previous_month,5.0,0.0,True,2026-09-01,8.0,0.0,rolling_3_fallback,0.5,3.0,0.0,stockout_corrected_regular_demand,2026-09-01,True
300200755_,2026-10-01,5.5,previous_month,5.5,-0.625,True,2026-09-01,3.0,0.0,rolling_3_fallback,1.4444444444444444,19.0,0.0,stockout_corrected_regular_demand,2026-09-01,True
300200767_,2026-10-01,1.0,previous_month,1.0,1.5,True,2026-09-01,1.0,0.0,rolling_3_fallback,,3.0,0.0,stockout_corrected_regular_demand,2026-03-01,True
300200771_,2026-10-01,23.123160530643418,catboost,14.0,0.3333333333333333,False,2026-09-01,16.0,0.0,catboost,0.5,18.0,0.0,stockout_corrected_regular_demand,2026-09-01,True
300200772_,2026-10-01,2.4,seasonal_trend,6.0,0.4,False,2026-09-01,2.0,0.0,seasonal_trend,0.6,4.0,0.0,stockout_corrected_regular_demand,2026-09-01,True
300200773_,2026-10-01,1.5,previous_month,1.5,-0.5,True,2026-09-01,7.0,44.0,rolling_3_fallback,0.7058823529411765,1.0,0.0,stockout_corrected_regular_demand,2026-09-01,True
300200774_,2026-10-01,2.0,previous_month,2.0,-0.5,True,2026-08-01,2.0,0.0,rolling_3_fallback,,,0.0,stockout_corrected_regular_demand,2025-05-01,True
300200776_,2026-10-01,5.0,previous_month,5.0,2.0,True,2026-09-01,4.0,0.0,rolling_3_fallback,,,0.0,stockout_corrected_regular_demand,2026-06-01,True
300200777_,2026-10-01,30.563275996429525,catboost,19.5,1.0,False,2026-09-01,38.0,0.0,catboost,0.7166666666666667,16.0,0.0,stockout_corrected_regular_demand,2026-09-01,True
300200778_,2026-10-01,13.5,previous_month,13.5,-0.2,True,2026-09-01,7.0,0.0,rolling_3_fallback,0.5,,0.0,stockout_corrected_regular_demand,2026-09-01,True
300200779_,2026-10-01,10.5,rolling_3,10.5,-0.6,False,2026-09-01,9.0,0.0,rolling_3,0.5,50.0,0.0,stockout_corrected_regular_demand,2026-09-01,True
300200781_,2026-10-01,1.0,previous_month,1.0,-0.5,True,2026-08-01,1.0,0.0,rolling_3_fallback,,,0.0,stockout_corrected_regular_demand,2026-01-01,True
300200782_,2026-10-01,4.5,rolling_3,4.5,-0.2,False,2026-08-01,4.0,0.0,rolling_3,0.5,26.0,0.0,stockout_corrected_regular_demand,2026-09-01,True
300200783_,2026-10-01,5.0,previous_year,5.0,-0.8571428571428571,True,2026-08-01,5.0,16.0,rolling_3_fallback,,,0.0,stockout_corrected_regular_demand,2026-06-01,True
300200784_,2026-10-01,96.5,previous_month,96.5,-0.1792452830188679,True,2026-09-01,59.0,0.0,rolling_3_fallback,1.536231884057971,66.0,0.0,stockout_corrected_regular_demand,2026-09-01,True
300200785_,2026-10-01,6.0,previous_month,6.0,0.4,True,2026-09-01,14.0,0.0,rolling_3_fallback,0.5,12.0,0.0,stockout_corrected_regular_demand,2026-09-01,True
300200787_,2026-10-01,21.0,previous_month,21.0,9.5,True,2026-09-01,8.0,0.0,rolling_3_fallback,,,0.0,stockout_corrected_regular_demand,2026-08-01,True
300200788_,2026-10-01,10.0,previous_month,10.0,1.0,True,2026-08-01,10.0,0.0,rolling_3_fallback,,6.0,0.0,stockout_corrected_regular_demand,2026-03-01,True
300200789_,2026-10-01,36.0,previous_month,36.0,0.0,True,2026-07-01,36.0,0.0,rolling_3_fallback,,,0.0,stockout_corrected_regular_demand,2026-03-01,True
300200790_,2026-10-01,6.0,previous_month,6.0,1.0,True,2026-08-01,8.0,0.0,rolling_3_fallback,,2.0,0.0,stockout_corrected_regular_demand,2026-09-01,True
300200795_,2026-10-01,34.0,previous_month,34.0,-0.21052631578947367,True,2026-09-01,22.0,0.0,rolling_3_fallback,,38.0,0.0,stockout_corrected_regular_demand,2026-09-01,True
300200796_,2026-10-01,16.250587124338608,catboost,20.0,-0.9473684210526315,False,2026-09-01,14.0,0.0,catboost,,16.0,0.0,stockout_corrected_regular_demand,2026-09-01,True
300200797_,2026-10-01,8.0,previous_year,7.0,-0.4444444444444444,False,2026-09-01,3.0,0.0,previous_year,1.125,8.0,0.0,stockout_corrected_regular_demand,2026-09-01,True
300200798_,2026-10-01,4.0,previous_month,4.0,-0.6666666666666666,True,2026-09-01,3.0,0.0,rolling_3_fallback,,1.0,0.0,stockout_corrected_regular_demand,2026-09-01,True
300200799_,2026-10-01,2.0,previous_month,2.0,2.0,True,2026-09-01,1.0,0.0,rolling_3_fallback,,,0.0,stockout_corrected_regular_demand,2026-09-01,True
300200801_,2026-10-01,10.0,previous_month,10.0,3.0,True,2026-07-01,10.0,0.0,rolling_3_fallback,,4.0,0.0,stockout_corrected_regular_demand,2026-03-01,True
300200803_,2026-10-01,10.0,previous_month,10.0,9.0,True,2026-07-01,10.0,0.0,rolling_3_fallback,,,0.0,stockout_corrected_regular_demand,2026-08-01,True
300200810_,2026-10-01,157.07840413066924,catboost,246.5,-0.04365079365079365,False,2026-09-01,112.0,0.0,catboost,0.667910447761194,186.0,0.0,stockout_corrected_regular_demand,2026-09-01,True
300200811_,2026-10-01,19.5,previous_month,,-0.9777777777777777,True,2026-09-01,75.0,0.0,historical_mean_fallback,,,0.0,stockout_corrected_regular_demand,2026-07-01,True
300200812_,2026-10-01,23.687204611574316,catboost,50.5,0.40476190476190477,False,2026-09-01,36.0,0.0,catboost,0.5,48.0,0.0,stockout_corrected_regular_demand,2026-09-01,True
300200813_,2026-10-01,12.0,previous_month,12.0,-0.6551724137931034,True,2026-08-01,12.0,0.0,rolling_3_fallback,,,0.0,stockout_corrected_regular_demand,2025-01-01,True
300200814_,2026-10-01,32.5,rolling_3,32.5,0.16666666666666666,False,2026-09-01,27.0,0.0,rolling_3,0.7027027027027027,20.0,0.0,stockout_corrected_regular_demand,2026-09-01,True
300200816_,2026-10-01,5.5,rolling_3,5.5,-0.16666666666666666,False,2026-08-01,5.0,0.0,rolling_3,0.5,4.0,0.0,stockout_corrected_regular_demand,2026-09-01,True
300200817_,2026-10-01,10.5,previous_month,10.5,0.1,True,2026-09-01,18.0,0.0,rolling_3_fallback,2.0,13.0,0.0,stockout_corrected_regular_demand,2026-09-01,True
300200818_,2026-10-01,2.5,previous_month,2.5,0.5,True,2026-09-01,1.0,0.0,rolling_3_fallback,,3.0,0.0,stockout_corrected_regular_demand,2026-09-01,True
300200819_,2026-10-01,6.0,previous_month,,1.0,True,2026-04-01,1.0,0.0,historical_mean_fallback,,3.0,0.0,stockout_corrected_regular_demand,2025-05-01,True
300200820_,2026-10-01,1.0,previous_month,1.0,-0.6666666666666666,True,2026-09-01,2.0,0.0,rolling_3_fallback,,4.0,0.0,stockout_corrected_regular_demand,2026-07-01,True
300200821_,2026-10-01,85.0,previous_month,85.0,-0.023255813953488372,True,2026-09-01,147.0,0.0,rolling_3_fallback,0.7573529411764706,50.0,0.0,stockout_corrected_regular_demand,2026-09-01,True
300200822_,2026-10-01,59.025636918339615,catboost,81.0,-0.13793103448275862,False,2026-09-01,58.0,0.0,catboost,1.056338028169014,57.0,0.0,stockout_corrected_regular_demand,2026-09-01,True
300200823_,2026-10-01,14.24209920277292,catboost,20.5,0.7333333333333333,False,2026-09-01,15.0,0.0,catboost,0.6749999999999999,12.0,0.0,stockout_corrected_regular_demand,2026-09-01,True
300200824_,2026-10-01,13.0,rolling_3,13.0,0.16666666666666666,False,2026-09-01,7.0,0.0,rolling_3,1.5555555555555556,14.0,0.0,stockout_corrected_regular_demand,2026-09-01,True
300200825_,2026-10-01,1.5,previous_month,1.5,1.0,True,2026-08-01,2.0,0.0,rolling_3_fallback,,,0.0,stockout_corrected_regular_demand,2026-09-01,True
300200826_,2026-10-01,12.5,previous_month,12.5,-0.21428571428571427,True,2026-09-01,1.0,0.0,rolling_3_fallback,1.8,7.0,0.0,stockout_corrected_regular_demand,2026-09-01,True
300200828_,2026-10-01,2.0,previous_month,2.0,-0.5,True,2026-08-01,2.0,0.0,rolling_3_fallback,,,0.0,stockout_corrected_regular_demand,2026-07-01,True
300200830_,2026-10-01,1.0,previous_month,1.0,0.0,True,2026-08-01,1.0,0.0,rolling_3_fallback,,,0.0,stockout_corrected_regular_demand,2024-11-01,True
300200832_,2026-10-01,6.512212111764256,catboost,22.0,-0.875,False,2026-08-01,22.0,0.0,catboost,,,0.0,stockout_corrected_regular_demand,2026-07-01,True
300200833_,2026-10-01,17.5,rolling_3,17.5,1.1818181818181819,False,2026-09-01,15.0,0.0,rolling_3,,11.0,0.0,stockout_corrected_regular_demand,2026-09-01,True
300200834_,2026-10-01,12.083333333333334,previous_month,,-0.25,True,2026-05-01,2.0,0.0,historical_mean_fallback,,,0.0,stockout_corrected_regular_demand,2026-02-01,True
300200835_,2026-10-01,11.0,rolling_3,11.0,1.1428571428571428,False,2026-09-01,7.0,0.0,rolling_3,0.5571428571428572,5.0,0.0,stockout_corrected_regular_demand,2026-09-01,True
300200836_,2026-10-01,3.0,previous_month,3.0,-0.45,True,2026-09-01,1.0,0.0,rolling_3_fallback,,,0.0,stockout_corrected_regular_demand,2025-06-01,True
300200838_,2026-10-01,0.5,seasonal_trend,9.5,17.0,False,2026-08-01,18.0,0.0,seasonal_trend,0.5,1.0,0.0,stockout_corrected_regular_demand,2026-09-01,True
300200839_,2026-10-01,8.0,previous_month,8.0,0.0,True,2026-09-01,4.0,0.0,rolling_3_fallback,1.75,,0.0,stockout_corrected_regular_demand,2026-09-01,True
300200840_,2026-10-01,20.0,previous_month,20.0,-0.5,True,2026-08-01,20.0,0.0,rolling_3_fallback,,,0.0,stockout_corrected_regular_demand,2026-07-01,True
300200841_,2026-10-01,3.857142857142857,previous_month,,-0.625,True,2026-05-01,3.0,0.0,historical_mean_fallback,,,0.0,stockout_corrected_regular_demand,2026-06-01,True
300200842_,2026-10-01,104.5,rolling_3,104.5,4.53125,False,2026-09-01,81.0,0.0,rolling_3,0.5211322520274485,,0.0,stockout_corrected_regular_demand,2026-09-01,True
300200843_,2026-10-01,18.5,previous_month,18.5,-0.23809523809523808,True,2026-08-01,16.0,0.0,rolling_3_fallback,,48.0,0.0,stockout_corrected_regular_demand,2026-09-01,True
300200844_,2026-10-01,4.5,rolling_3,4.5,7.0,False,2026-09-01,3.0,0.0,rolling_3,0.5,,0.0,stockout_corrected_regular_demand,2026-09-01,True
300200845_,2026-10-01,7.555555555555555,previous_month,,-0.4,True,2026-06-01,3.0,0.0,historical_mean_fallback,,4.0,0.0,stockout_corrected_regular_demand,2025-01-01,True
300200846_,2026-10-01,22.0,previous_year,62.0,2.4285714285714284,False,2026-09-01,54.0,0.0,previous_year,0.87,22.0,0.0,stockout_corrected_regular_demand,2026-09-01,True
300200847_,2026-10-01,12.0,previous_year,26.0,8.4,False,2026-09-01,17.0,0.0,previous_year,1.0277777777777777,12.0,0.0,stockout_corrected_regular_demand,2026-09-01,True
300200848_,2026-10-01,12.0,rolling_3,12.0,0.6666666666666666,False,2026-09-01,11.0,0.0,rolling_3,0.6521739130434783,2.0,0.0,stockout_corrected_regular_demand,2026-09-01,True
300200849_,2026-10-01,6.0,rolling_3,6.0,10.0,False,2026-08-01,11.0,0.0,rolling_3,0.5,5.0,0.0,stockout_corrected_regular_demand,2026-09-01,True
300200850_,2026-10-01,1.0,previous_month,1.0,2.0,True,2026-08-01,1.0,0.0,rolling_3_fallback,,,0.0,stockout_corrected_regular_demand,2025-07-01,True
300200851_,2026-10-01,5.0,previous_month,5.0,-0.2857142857142857,True,2026-09-01,4.0,20.0,rolling_3_fallback,0.5384615384615384,1.0,0.0,stockout_corrected_regular_demand,2026-08-01,True
300200853_,2026-10-01,22.0,previous_month,22.0,-0.875,True,2026-08-01,22.0,0.0,rolling_3_fallback,,5.0,0.0,stockout_corrected_regular_demand,2025-08-01,True
300200856_,2026-10-01,496.0,previous_month,496.0,0.7971014492753623,True,2026-09-01,241.0,0.0,rolling_3_fallback,1.0460659694288013,88.0,0.0,stockout_corrected_regular_demand,2026-08-01,True
300200857_,2026-10-01,72.5,previous_month,72.5,-0.9259259259259259,True,2026-09-01,40.0,0.0,rolling_3_fallback,0.8545454545454545,7.0,0.0,stockout_corrected_regular_demand,2026-09-01,True
300200859_,2026-10-01,32.0,previous_month,32.0,-0.8363636363636363,True,2026-09-01,27.0,0.0,rolling_3_fallback,1.306201550387597,37.0,0.0,stockout_corrected_regular_demand,2026-09-01,True
300200860_,2026-10-01,12.636363636363637,previous_month,,1.0,True,2026-09-01,1.0,0.0,historical_mean_fallback,,,0.0,stockout_corrected_regular_demand,2025-05-01,True
300200861_,2026-10-01,3.9375,seasonal_trend,18.5,-0.9428571428571428,False,2026-09-01,17.0,0.0,seasonal_trend,0.5625,7.0,0.0,stockout_corrected_regular_demand,2026-09-01,True
300200862_,2026-10-01,27.5,seasonal_trend,27.5,-0.7777777777777778,True,2026-09-01,17.0,0.0,rolling_3_fallback,0.71875,,0.0,stockout_corrected_regular_demand,2026-09-01,True
300200863_,2026-10-01,10.0,previous_month,10.0,-0.8888888888888888,True,2026-09-01,3.0,0.0,rolling_3_fallback,,,0.0,stockout_corrected_regular_demand,2026-09-01,True
300200864_,2026-10-01,1.0,previous_month,1.0,0.0,True,2026-09-01,1.0,0.0,rolling_3_fallback,,,0.0,stockout_corrected_regular_demand,2025-07-01,True
300200865_,2026-10-01,66.54786103613833,catboost,71.0,-0.9710144927536232,False,2026-09-01,65.0,0.0,catboost,,107.0,0.0,stockout_corrected_regular_demand,2026-09-01,True
300200866_,2026-10-01,5.0,previous_month,5.0,-0.5714285714285714,True,2026-08-01,3.0,0.0,rolling_3_fallback,,,0.0,stockout_corrected_regular_demand,2026-09-01,True
300200867_,2026-10-01,4.0,previous_month,4.0,0.0,True,2026-07-01,4.0,0.0,rolling_3_fallback,,,0.0,stockout_corrected_regular_demand,2026-01-01,True
300200868_,2026-10-01,105.60249455911492,catboost,135.5,-0.9536679536679536,False,2026-09-01,59.0,0.0,catboost,0.7787610619469026,163.0,0.0,stockout_corrected_regular_demand,2026-09-01,True
300200869_,2026-10-01,137.0,previous_month,137.0,0.0873015873015873,True,2026-09-01,55.0,0.0,rolling_3_fallback,1.35,15.0,0.0,stockout_corrected_regular_demand,2026-08-01,True
300200870_,2026-10-01,15.203030303030305,seasonal_trend,2.0,0.38461538461538464,False,2026-09-01,39.0,99.0,seasonal_trend,0.5242424242424243,29.0,0.0,stockout_corrected_regular_demand,2026-07-01,True
300200871_,2026-10-01,34.0,previous_month,34.0,2.090909090909091,True,2026-09-01,18.0,0.0,rolling_3_fallback,2.0,4.0,0.0,stockout_corrected_regular_demand,2026-08-01,True
300200872_,2026-10-01,11.0,previous_month,11.0,0.0,True,2026-09-01,2.0,0.0,rolling_3_fallback,,,0.0,stockout_corrected_regular_demand,2026-03-01,True
300200873_,2026-10-01,28.5,rolling_3,28.5,-0.9444444444444444,False,2026-09-01,11.0,0.0,rolling_3,0.5,22.0,0.0,stockout_corrected_regular_demand,2026-09-01,True
300200875_,2026-10-01,6.192068813364017,catboost,8.5,-0.6923076923076923,False,2026-08-01,4.0,0.0,catboost,1.0,2.0,0.0,stockout_corrected_regular_demand,2026-09-01,True
300200878_,2026-10-01,2.0,previous_month,2.0,21.0,True,2026-07-01,2.0,0.0,rolling_3_fallback,,,0.0,stockout_corrected_regular_demand,2025-10-01,True
300200879_,2026-10-01,4.0,previous_month,4.0,0.0,True,2026-08-01,4.0,14.0,rolling_3_fallback,,4.0,0.0,stockout_corrected_regular_demand,2026-01-01,True
300200881_,2026-10-01,3.0,previous_month,3.0,2.0,True,2026-09-01,3.0,0.0,rolling_3_fallback,,2.0,0.0,stockout_corrected_regular_demand,2025-09-01,True
300200882_,2026-10-01,21.0,previous_month,21.0,8.5,True,2026-08-01,38.0,0.0,rolling_3_fallback,,,0.0,stockout_corrected_regular_demand,2026-09-01,True
300200883_,2026-10-01,14.0,previous_month,14.0,-0.9117647058823529,True,2026-08-01,14.0,0.0,rolling_3_fallback,,2.0,0.0,stockout_corrected_regular_demand,2025-07-01,True
300200884_,2026-10-01,2.0,previous_month,2.0,2.0,True,2026-08-01,3.0,0.0,rolling_3_fallback,,,0.0,stockout_corrected_regular_demand,2026-09-01,True
300200885_,2026-10-01,1.0,previous_month,1.0,0.5,True,2026-07-01,1.0,0.0,rolling_3_fallback,,,0.0,stockout_corrected_regular_demand,2025-06-01,True
300200887_,2026-10-01,34.5,rolling_3,34.5,-0.9852941176470589,False,2026-08-01,1.0,0.0,rolling_3,0.5,69.0,0.0,stockout_corrected_regular_demand,2026-09-01,True
300200888_,2026-10-01,4.0,rolling_3,4.0,-0.6,False,2026-09-01,20.0,0.0,rolling_3,,12.0,0.0,stockout_corrected_regular_demand,2026-08-01,True
300200890_,2026-10-01,2.0,previous_month,2.0,-0.5,True,2026-09-01,24.0,0.0,rolling_3_fallback,,10.0,0.0,stockout_corrected_regular_demand,2026-08-01,True
300200892_,2026-10-01,4.846153846153846,previous_month,,0.0,True,2026-09-01,5.0,0.0,historical_mean_fallback,,4.0,0.0,stockout_corrected_regular_demand,2026-04-01,True
300200893_,2026-10-01,1.0,previous_month,1.0,1.0,True,2026-09-01,4.0,0.0,rolling_3_fallback,,2.0,0.0,stockout_corrected_regular_demand,2026-06-01,True
300200898_,2026-10-01,23.0,previous_year,15.0,-0.9655172413793104,False,2026-09-01,73.0,0.0,previous_year,1.4545454545454546,23.0,0.0,stockout_corrected_regular_demand,2026-09-01,True
300200899_,2026-10-01,11.5,rolling_3,11.5,-0.9545454545454546,False,2026-09-01,22.0,0.0,rolling_3,,23.0,0.0,stockout_corrected_regular_demand,2026-09-01,True
300200900_,2026-10-01,2.0,previous_month,2.0,-0.5,True,2026-09-01,14.0,0.0,rolling_3_fallback,,8.0,0.0,stockout_corrected_regular_demand,2026-08-01,True
300200901_,2026-10-01,4.428571428571429,previous_month,,-0.5,True,2026-09-01,2.0,0.0,historical_mean_fallback,,1.0,0.0,stockout_corrected_regular_demand,2026-02-01,True
300200910_,2026-10-01,25.5,rolling_3,25.5,-0.7857142857142857,False,2026-09-01,50.0,0.0,rolling_3,0.5,218.0,0.0,stockout_corrected_regular_demand,2026-09-01,True
300200911_,2026-10-01,18.0,previous_month,,0.0,True,2026-06-01,3.0,0.0,historical_mean_fallback,,9.0,0.0,stockout_corrected_regular_demand,2024-11-01,True
300200912_,2026-10-01,11.0,rolling_3,11.0,-0.45,False,2026-09-01,11.0,0.0,rolling_3,,39.0,0.0,stockout_corrected_regular_demand,2026-08-01,True
300200913_,2026-10-01,6.0,previous_month,6.0,1.0,True,2026-08-01,6.0,0.0,rolling_3_fallback,,,0.0,stockout_corrected_regular_demand,2024-12-01,True
300200914_,2026-10-01,4.0,rolling_3,4.0,-0.8518518518518519,False,2026-09-01,4.0,0.0,rolling_3,,35.0,0.0,stockout_corrected_regular_demand,2026-08-01,True
300200916_,2026-10-01,9.714285714285714,previous_month,,-0.25,True,2026-09-01,3.0,0.0,historical_mean_fallback,,7.0,0.0,stockout_corrected_regular_demand,2026-07-01,True
300200917_,2026-10-01,4.0,previous_month,4.0,-0.6,True,2026-08-01,4.0,33.0,rolling_3_fallback,,10.0,0.0,stockout_corrected_regular_demand,2026-01-01,True
300200918_,2026-10-01,5.0,previous_month,,0.0,True,2026-06-01,4.0,0.0,historical_mean_fallback,,2.0,0.0,stockout_corrected_regular_demand,2025-12-01,True
300200919_,2026-10-01,3.6666666666666665,previous_month,,-0.5,True,2026-05-01,3.0,0.0,historical_mean_fallback,,,0.0,stockout_corrected_regular_demand,2026-06-01,True
300200920_,2026-10-01,1.0,previous_month,1.0,0.0,True,2026-08-01,1.0,0.0,rolling_3_fallback,,3.0,0.0,stockout_corrected_regular_demand,2026-01-01,True
300200921_,2026-10-01,12.0,previous_month,12.0,0.4,True,2026-09-01,32.0,0.0,rolling_3_fallback,0.5,117.0,0.0,stockout_corrected_regular_demand,2026-09-01,True
300200922_,2026-10-01,9.5,rolling_3,9.5,-0.8125,False,2026-09-01,32.0,0.0,rolling_3,2.0,56.0,0.0,stockout_corrected_regular_demand,2026-09-01,True
300200923_,2026-10-01,4.0,previous_month,4.0,-0.8,True,2026-09-01,17.0,0.0,rolling_3_fallback,0.5,30.0,0.0,stockout_corrected_regular_demand,2026-03-01,True
300200924_,2026-10-01,2.0,previous_month,2.0,-0.7777777777777778,True,2026-09-01,4.0,0.0,rolling_3_fallback,,9.0,0.0,stockout_corrected_regular_demand,2026-08-01,True
300200926_,2026-10-01,2.0,previous_month,2.0,-0.9230769230769231,True,2026-09-01,10.0,0.0,rolling_3_fallback,,16.0,0.0,stockout_corrected_regular_demand,2026-08-01,True
300200928_,2026-10-01,2.0,previous_month,2.0,0.0,True,2026-09-01,4.0,0.0,rolling_3_fallback,,1.0,0.0,stockout_corrected_regular_demand,2025-05-01,True
300200933_,2026-10-01,119.32519663823302,catboost,159.5,0.9537037037037037,False,2026-09-01,44.0,0.0,catboost,0.972972972972973,32.0,0.0,stockout_corrected_regular_demand,2026-09-01,True
300200934_,2026-10-01,16.861557287388678,catboost,43.0,1.44,False,2026-08-01,61.0,0.0,catboost,1.605263157894737,15.0,0.0,stockout_corrected_regular_demand,2026-09-01,True
300200935_,2026-10-01,2.0,previous_month,2.0,-0.8125,True,2026-08-01,2.0,0.0,rolling_3_fallback,,,0.0,stockout_corrected_regular_demand,2025-03-01,True
300200936_,2026-10-01,8.153349710744124,catboost,13.0,4.5,False,2026-09-01,1.0,0.0,catboost,1.0,13.0,0.0,stockout_corrected_regular_demand,2026-09-01,True
300200937_,2026-10-01,1.0,previous_month,1.0,-0.4444444444444444,True,2026-08-01,1.0,0.0,rolling_3_fallback,,,0.0,stockout_corrected_regular_demand,2025-03-01,True
300200938_,2026-10-01,10.0,rolling_3,10.0,-0.25,False,2026-08-01,10.0,0.0,rolling_3,,2.0,0.0,stockout_corrected_regular_demand,2026-05-01,True
300200939_,2026-10-01,19.0,previous_month,19.0,3.0,True,2026-09-01,2.0,0.0,rolling_3_fallback,,4.0,0.0,stockout_corrected_regular_demand,2026-07-01,True
300200940_,2026-10-01,4.0,previous_month,4.0,-0.8333333333333334,True,2026-08-01,4.0,0.0,rolling_3_fallback,,,0.0,stockout_corrected_regular_demand,2025-05-01,True
300200942_,2026-10-01,12.0,previous_month,12.0,4.0,True,2026-08-01,20.0,0.0,rolling_3_fallback,,2.0,0.0,stockout_corrected_regular_demand,2026-09-01,True
300200943_,2026-10-01,8.0,previous_month,8.0,-0.5,True,2026-08-01,8.0,0.0,rolling_3_fallback,1.1,4.0,0.0,stockout_corrected_regular_demand,2025-12-01,True
300200945_,2026-10-01,65.0,rolling_3,65.0,2.814814814814815,False,2026-09-01,19.0,0.0,rolling_3,0.5666666666666667,50.0,0.0,stockout_corrected_regular_demand,2026-09-01,True
300200946_,2026-10-01,51.5,rolling_3,51.5,2.2916666666666665,False,2026-09-01,4.0,0.0,rolling_3,0.7391304347826086,12.0,0.0,stockout_corrected_regular_demand,2026-09-01,True
300200947_,2026-10-01,21.0,previous_month,21.0,0.47058823529411764,True,2026-09-01,4.0,0.0,rolling_3_fallback,1.0,3.0,0.0,stockout_corrected_regular_demand,2026-09-01,True
300200948_,2026-10-01,6.5,rolling_3,6.5,0.6,False,2026-08-01,8.0,0.0,rolling_3,1.4464285714285714,4.0,0.0,stockout_corrected_regular_demand,2026-09-01,True
300200949_,2026-10-01,5.0,previous_month,5.0,0.0,True,2026-08-01,5.0,0.0,rolling_3_fallback,,,0.0,stockout_corrected_regular_demand,2025-04-01,True
300200950_,2026-10-01,5.0,previous_year,3.0,4.0,False,2026-08-01,3.0,40.0,previous_year,2.0,5.0,0.0,stockout_corrected_regular_demand,2026-07-01,True
300200953_,2026-10-01,2.391720807662068,catboost,2.0,-0.5,False,2026-07-01,2.0,0.0,catboost,,4.0,0.0,stockout_corrected_regular_demand,2026-08-01,True
300200959_,2026-10-01,24.5,rolling_3,24.5,0.45,False,2026-09-01,45.0,0.0,rolling_3,0.8055555555555556,16.0,0.0,stockout_corrected_regular_demand,2026-09-01,True
300200967_,2026-10-01,565.6256338028169,seasonal_trend,186.5,1.0573770491803278,False,2026-09-01,211.0,0.0,seasonal_trend,1.8791549295774648,301.0,0.0,stockout_corrected_regular_demand,2026-09-01,True
300200968_,2026-10-01,57.0,rolling_3,57.0,1.1666666666666667,False,2026-09-01,33.0,0.0,rolling_3,0.967741935483871,138.0,0.0,stockout_corrected_regular_demand,2026-09-01,True
300201148_,2026-10-01,55.0,rolling_3,55.0,0.8947368421052632,False,2026-09-01,52.0,0.0,rolling_3,1.3333333333333335,101.0,0.0,stockout_corrected_regular_demand,2026-09-01,True
300201149_,2026-10-01,18.5,rolling_3,18.5,2.111111111111111,False,2026-09-01,27.0,0.0,rolling_3,0.6926863572433193,47.0,0.0,stockout_corrected_regular_demand,2026-09-01,True
300201150_,2026-10-01,10.0,rolling_3,10.0,18.0,False,2026-08-01,19.0,0.0,rolling_3,2.0,19.0,0.0,stockout_corrected_regular_demand,2026-09-01,True
300201151_,2026-10-01,20.0,previous_month,20.0,0.35294117647058826,True,2026-09-01,36.0,0.0,rolling_3_fallback,1.4166666666666667,43.0,0.0,stockout_corrected_regular_demand,2026-09-01,True
300201152_,2026-10-01,8.5,previous_month,8.5,-0.9375,True,2026-09-01,1.0,0.0,rolling_3_fallback,0.5,24.0,0.0,stockout_corrected_regular_demand,2026-09-01,True
300201153_,2026-10-01,47.31486458888946,catboost,48.5,0.48717948717948717,False,2026-09-01,33.0,0.0,catboost,1.7058823529411764,47.0,0.0,stockout_corrected_regular_demand,2026-09-01,True
300201154_,2026-10-01,23.0,previous_year,10.0,1.3333333333333333,False,2026-08-01,14.0,0.0,previous_year,0.7777777777777778,23.0,0.0,stockout_corrected_regular_demand,2026-09-01,True
300201155_,2026-10-01,16.861557287388678,catboost,30.0,1.5294117647058822,False,2026-09-01,20.0,244.0,catboost,1.3321114369501466,15.0,0.0,stockout_corrected_regular_demand,2026-09-01,True
ATN000108,2026-10-01,61.0,previous_month,61.0,4.909090909090909,True,2026-07-01,61.0,0.0,rolling_3_fallback,,,0.0,stockout_corrected_regular_demand,2024-10-01,True
ATN000109,2026-10-01,6.0,previous_month,6.0,1.0,True,2026-09-01,11.0,56.0,rolling_3_fallback,,,0.0,stockout_corrected_regular_demand,2026-07-01,True
ATN000446,2026-10-01,1.0,rolling_3,1.0,-0.8,False,2026-07-01,1.0,34.0,rolling_3,0.5,,0.0,stockout_corrected_regular_demand,2026-08-01,True
LNVA105011,2026-10-01,10.0,seasonal_trend,2.0,9.0,False,2026-08-01,2.0,0.0,seasonal_trend,1.0,10.0,0.0,stockout_corrected_regular_demand,2026-07-01,True
щщщ0116254,2026-10-01,2.0,previous_month,2.0,,True,2026-08-01,2.0,0.0,rolling_3_fallback,,,0.0,stockout_corrected_regular_demand,,True
