№,product_name,sku,article,order_multiple,source_row
1,"S174  (1кл, инд с/у 16А, IP44) Переключатель ""Wessen 59"" ВС 616-157Б-18 (60) !!!",030200128_,VS616-157B-18,1.0,3
2,"S179   2кл с/у 16А  ""Wessen 59"" ВС 510-252-18 (10/60) !!!",030200382_,VS510-252-18,1.0,4
3,"S183  Переключатель 1кл, с инд.,с/у 16А ""Wessen 59"" ВС 616-157-18 (60) !!!",030200127_,VS616-157-18,1.0,5
4,"S184  Диммер (с/у 600Вт) ""Wessen 59"" ВПП-5С2-18(2/16) !!!",030200141_,SR-5S2-18,1.0,6
5,"S185 роз-ТВ. с\у  ""Wessen 59"" РТС 151-18 (60) !!!",030200096_,RTS-151-18,1.0,7
6,"S186  с/у. з/ш 16А  ""Wessen 59""  РС 16-151-18 (10/60) !!!",030200072_,RS16-151-18,1.0,8
7,"S187 с/у. з/ш. з/к.16А ""Wessen 59"" РС 16-152-18 (10/60) !!!",030200093_,RS16-152-18,20.0,9
8,"S188   с/у. з/ш, 2-я 16А  ""Wessen 59"" РС 16-254-18 (6/36) !!!",030200135_,RS16-254-18,12.0,10
9,"S189  с/у. з/ш, з,к, 2-я 16А  ""Wessen 59"" РС 16-255-18 (6/36) !!!",030200136_,RS16-255-18,6.0,11
10,"S190  с/у. з/ш. з/к.16А, IP44 ""Wessen 59"" РС 16-152Б-18 (10/60) !!!",030200134_,RS16-152B-18,10.0,12
11,"S191 роз тел. с\у 1А ""Wessen 59"" РСИ 152 Т-18 (60) !!!",030200094_,RSI-152T-18,1.0,13
12,"S192 роз информ. с\у 1А  ""Wessen 59"" РСИ 152 К5Е-18 (60) !!!",030200090_,RSI-152K5E-18,1.0,14
13,"S194 2-я роз тел/комп с\у 1А  ""Wessen 59"" РСИ 251 ТК5Е-18 (60) !!!",030200095_,RSI-251TK5E-18,1.0,15
14,"S195 2-я роз информ. с\у 1А  ""Wessen 59"" РСИ 251 КК5Е-1-86 (60) !!!",030200142_,RSI-251KK5E-1-86,10.0,16
15,Распределительная коробка с/у для твердых стен  70х40 IP30 IMT35120 Systeme Electric (175),280300174_,IMT35120,175.0,17
16,Распределительная коробка с/у для твердых стен  75х30 карболит IP30 У-195 Systeme Electric (108),030300013_,U195,108.0,18
17,Распределительная коробка с/у для твердых стен 100х100х50 IP30 IMT35122 Systeme Electric (72),030200220_,IMT35122,72.0,19
18,Распределительная коробка с/у для твердых стен 100х50 IP30 IMT35121 Systeme Electric (84),030200219_,IMT35121,84.0,20
19,Распределительная коробка с/у для твердых стен 102х15 карболит IP30 У-191 Systeme Electric (100),030300078_,U191,100.0,21
20,Распределительная коробка с/у для твердых стен 102х36 карболит IP30 У-192 Systeme Electric (56),030300014_,U192,56.0,22
21,Установочная коробка для полых стен г/к  65х45 IMT35150 Systeme Electric (210),030200193_,IMT35150,3780.0,23
22,Установочная коробка для полых стен г/к  65х60 IMT35151 System Electric(120),030201459_,IMT35151,120.0,24
23,Установочная коробка для твердых стен 65х45 IMT35100 Systeme Electric (200),030200192_,IMT35100,3600.0,25
24,Установочная коробка для твердых стен 65х60 IMT35101 Systeme Electric (120),030200201_,IMT35101,120.0,26
25,"A398 Роз. с з/к 16А с/у б/рамки ""ATLAS"" алюминий ATN343 (10)",300200428_,ATN000343,10.0,27
26,"AtlasDesign PROFI IP54 О/У 1-клавишный кнопочный ВЫКЛЮЧАТЕЛЬ 10 АХ, АНТРАЦИТ !!!",ATN544015,ATN544015,12.0,28
27,"AtlasDesign PROFI IP54 О/У 1-клавишный кнопочный ВЫКЛЮЧАТЕЛЬ 10 АХ, БЕЛЫЙ !!!",ATN540115,ATN540115,12.0,29
28,"ATLASDESIGN РОЗЕТКА 16А c 2 USB A+C, 5В/2,4А/3,0А, 2х5В/1,5А, механизм, ШАМПАНЬ",ATN000532,ATN000532,1.0,30
29,"ATLASDESIGN РОЗЕТКА 16А с 2 USB A+C, 5В/2,4А/3,0А, 2х5В/1,5А, механизм, ПЕСОЧНЫЙ !!!",ATN001232,ATN001232,1.0,31
30,"B001 Выкл 1кл о/у  10А 250B""BLANCA"" антрацит BLNVA101006 (15)",300201148_,BLNVA101006,15.0,32
31,"B002 Выкл 2 кл о/у 10А 250B ""BLANCA"" антрацит BLNVA105016 (15)",300201149_,BLNVA105016,15.0,33
32,"B003 Роз. о/у без з/к без ш/т 16А 250В ""BLANCA"" антрацит BLNRA000116 (18)",300201150_,BLNRA000116,18.0,34
33,"B004 Роз. 2-ная о/у без з/к без ш/т 16А 250В ""BLANCA"" антрацит BLNRA000216 (10)",300201151_,BLNRA000216,10.0,35
34,"B005 Роз. 3-ная о/у без з/к без ш/т16А 250В ""BLANCA"" антрацит BLNRA000316 (6)",300201152_,BLNRA000316,6.0,36
35,"B006 Роз. 3-ная о/у с  з/к без ш/т 16А 250В ""BLANCA"" антрацит BLNRA010316 (5)",300201153_,BLNRA010316,5.0,37
36,"B007 Роз. 4-ная о/у без  з/к без ш/т 16А 250В ""BLANCA"" антрацит BLNRA000416 (5)",300201154_,BLNRA000416,5.0,38
37,"B008 Роз. 4-ная о/у с  з/к со ш/т 16А 250В ""BLANCA"" антрацит BLNRA011416 (4)",300201155_,BLNRA011416,4.0,39
38,"B009 Роз. о/у с з/к без ш/т 16А 250В ""BLANCA"" антрацит BLNRA010116 (12)",300200968_,BLNRA010116,12.0,40
39,"B010 Роз. 2-ная о/у с з/к без ш/т 16А 250В ""BLANCA"" антрацит BLNRA010216 (8)",300200967_,BLNRA010216,8.0,41
40,"Blanca Силовой Комплект О/У 2К+3 32А, 250В розетка, вилка, подъем.коробка",300200413_,BLNSK003231,6.0,42
41,City  9 ЩРВ-П 12 Прозрач./дв. Systeme Electric,010400436_,EZ9E112S2FRU,1.0,43
42,City 9 ЩРВ-П  8 Прозрач./дв. Systeme Electric,010400432_,EZ9E108S2FRU,1.0,44
43,City 9 ЩРВ-П 18 Прозрач./дв. Systeme Electric,010400440_,EZ9E118S2FRU,1.0,45
44,City 9 ЩРВ-П 24 Прозрач./дв. Systeme Electric,010400444_,EZ9E212S2FRU,1.0,46
45,City 9 ЩРВ-П 36 Прозрач./дв. Systeme Electric,010400447_,EZ9E312S2FRU,1.0,47
46,City 9 ЩРН-П  8 Прозрач./дв. Systeme Electric,010400433_,EZ9E108S2SRU,1.0,48
47,City 9 ЩРН-П 12 Прозрач./дв. Systeme Electric,010400437_,EZ9E112S2SRU,1.0,49
48,City 9 ЩРН-П 18 Прозрач./дв. Systeme Electric,010400441_,EZ9E118S2SRU,1.0,50
49,City 9 ЩРН-П 24 Прозрач./дв. Systeme Electric,010400445_,EZ9E212S2SRU,1.0,51
50,City 9 ЩРН-П 36 Прозрач./дв. Systeme Electric,010400448_,EZ9E312S2SRU,1.0,52
51,"G001 Роз. с з/к 16А механизм ""ARTGALLERY"" алюминий GAL0343 (10)",300200784_,GAL000343,10.0,53
52,"G002 Выкл. 1 кл 10А ""ARTGALLERY"" алюминий GAL0311 (10)",300200785_,GAL000311,10.0,54
53,"G003 Выкл. 1 кл с инд 10А механизм ""ARTGALLERY"" алюминий GAL0313 (10)",300200786_,GAL000313,10.0,55
54,"G004 Выкл. 2 кл 10А механизм ""ARTGALLERY"" алюминий GAL0351 (10)",300200787_,GAL000351,10.0,56
55,"G005 Выкл. 2 кл с инд 10А механизм ""ARTGALLERY"" алюминий GAL0353 (10)",300200788_,GAL000353,10.0,57
56,"G006 Роз. комп. RJ45 6A механизм ""ARTGALLERY"" алюминий GAL0386 (5)",300200789_,GAL000386,5.0,58
57,"G007 Переключ. 1 кл механизм ""ARTGALLERY"" алюминий GAL0361 (10)",300200790_,GAL000361,10.0,59
58,"G008 Перекрест. переключ. 1 кл ""ARTGALLERY"" алюминий GAL0371 (5)",300200791_,GAL000371,5.0,60
59,"G009 Роз. 2-ная комп. RJ45+RJ45 6A механизм ""ARTGALLERY"" алюминий GAL0388 (1)",300200792_,GAL000388,1.0,61
60,"G010 Роз. с з/к с/ш 16A механизм ""ARTGALLERY"" алюминий GAL0345 (10)",300200793_,GAL000345,10.0,62
61,"G011 Роз. TV оконечная механизм ""ARTGALLERY"" алюминий GAL0391 (5)",300200794_,GAL000391,5.0,63
62,"G012 Рамка 1-ная ""ARTGALLERY"" алюминий GAL0301 (20)",300200795_,GAL000301,20.0,64
63,"G013 Рамка 2-ная ""ARTGALLERY"" алюминий GAL0302 (10)",300200796_,GAL000302,10.0,65
64,"G014 Рамка 3-ная ""ARTGALLERY"" алюминий GAL0303 (5)",300200797_,GAL000303,5.0,66
65,"G015 Рамка 4-ная ""ARTGALLERY"" алюминий GAL0304 (5)",300200798_,GAL000304,5.0,67
66,"G016 Рамка 5-ная ""ARTGALLERY"" алюминий GAL0305 (5)",300200799_,GAL000305,5.0,68
67,"G017 Переключ. 2 кл механизм ""ARTGALLERY"" алюминий GAL0365 (10)",300200800_,GAL000365,10.0,69
68,"G018 Рамка 1-ная IP44 ""ARTGALLERY"" алюминий GAL440301 (10)",300200801_,GAL440301,10.0,70
69,"G019 Рамка 2-ная IP44 ""ARTGALLERY"" алюминий GAL440302 (5)",300200802_,GAL440302,5.0,71
70,"G020 Роз. с з/к с/ш с крышкой 16A механизм IP44 ""ARTGALLERY"" алюминий GAL440346 (10)",300200803_,GAL440346,10.0,72
71,"G021 Выкл. 1 кл кнопочный 10А механизм ""ARTGALLERY"" алюминий GAL0315 (5)",300200804_,GAL000315,5.0,73
72,"G022 Вывод кабеля механизм ""ARTGALLERY"" алюминий GAL0399 (5)",300200805_,GAL000399,5.0,74
73,"G023 Роз. 2-ная TV комп. RJ45 5Е ""ARTGALLERY"" алюминий GAL0389 (5)",300200806_,GAL000389,5.0,75
74,"G024 Роз. USB A+C 45Вт высокоскор.заряд., механизм ""ARTGALLERY"" алюминий GAL0329 (1)",300200807_,GAL000329,1.0,76
75,"G025 Диммер поворотно-нажимной механизм 400Вт ""ARTGALLERY"" алюминий GAL0323 (1)",300200808_,GAL000323,1.0,77
76,"G026 Роз. с з/к с/ш LED 16A механизм IP20 ""ARTGALLERY"" алюминий GAL0346 (10)",300200809_,GAL000346,10.0,78
77,"G027 Роз. с з/к механизм 16A ""ARTGALLERY"" шампань GAL0543 (10)",300200810_,GAL000543,10.0,79
78,"G028 Роз. с з/к с/ш механизм ""ARTGALLERY"" шампань GAL0545 (10)",300200811_,GAL000545,10.0,80
79,"G029 Выкл. 1 кл 10А ""ARTGALLERY"" шампань GAL0511 (10)",300200812_,GAL000511,10.0,81
80,"G030 Выкл. 1 кл с инд 10А механизм ""ARTGALLERY"" шампань GAL0513 (10)",300200813_,GAL000513,10.0,82
81,"G031 Выкл. 2 кл 10А механизм ""ARTGALLERY"" шампань GAL0551 (10)",300200814_,GAL000551,10.0,83
82,"G032 Выкл. 2 кл с инд 10А механизм ""ARTGALLERY"" шампань GAL0553 (10)",300200815_,GAL000553,10.0,84
83,"G033 Роз. комп. RJ45, 6A механизм ""ARTGALLERY"" шампань GAL0586 (5)",300200816_,GAL000586,5.0,85
84,"G034 Переключ. 1 кл механизм ""ARTGALLERY"" шампань GAL0561 (10)",300200817_,GAL000561,10.0,86
85,"G035 Перекрест. переключ. 1 кл ""ARTGALLERY"" шампань GAL0571 (5)",300200818_,GAL000571,5.0,87
86,"G036 Роз. 2-ная комп. RJ45+RJ45 6A механизм ""ARTGALLERY"" шампань GAL0588 (1)",300200819_,GAL000588,1.0,88
87,"G037 Роз. TV оконечная 1DB механизм ""ARTGALLERY"" шампань GAL0591 (5)",300200820_,GAL000591,5.0,89
88,"G038 Рамка 1-ная ""ARTGALLERY"" шампань GAL0501 (20)",300200821_,GAL000501,20.0,90
89,"G039 Рамка 2-ная ""ARTGALLERY"" шампань GAL0502 (10)",300200822_,GAL000502,10.0,91
90,"G040 Рамка 3-ная ""ARTGALLERY"" шампань GAL0503 (5)",300200823_,GAL000503,5.0,92
91,"G041 Рамка 4-ная ""ARTGALLERY"" шампань GAL0504 (5)",300200824_,GAL000504,5.0,93
92,"G042 Рамка 5-ная ""ARTGALLERY"" шампань GAL0505 (5)",300200825_,GAL000505,5.0,94
93,"G043 Переключ. 2 кл механизм ""ARTGALLERY"" шампань GAL0565 (10)",300200826_,GAL000565,10.0,95
94,"G044 Выкл. 1 кл кнопочный 10А механизм ""ARTGALLERY"" шампань GAL0515 (5)",300200827_,GAL000515,5.0,96
95,"G045 Вывод кабеля механизм ""ARTGALLERY"" шампань GAL0599 (5)",300200828_,GAL000599,5.0,97
96,"G046 Роз. 2-ная TV комп. RJ45 5Е ""ARTGALLERY"" шампань GAL0589 (5)",300200829_,GAL000589,5.0,98
97,"G047 Роз. USB A+C 45Вт высокоскор.заряд., механизм ""ARTGALLERY"" шампань GAL0529 (1)",300200830_,GAL000529,1.0,99
98,"G048 Диммер поворотно-нажимной механизм 400Вт ""ARTGALLERY"" шампань GAL0523 (1)",300200831_,GAL000523,1.0,100
99,"G049 Роз. с з/к с/ш с крышкой 16А механизм IP20 ""ARTGALLERY"" шампань GAL0546 (10)",300200832_,GAL000546,10.0,101
100,"G050 Выкл. 1 кл 10А ""ARTGALLERY"" лотос GAL1311 (5)",300200833_,GAL001311,5.0,102
101,"G051 Выкл. 1 кл с инд 10А механизм ""ARTGALLERY"" лотос GAL1313 (5)",300200834_,GAL001313,5.0,103
102,"G052 Выкл. 2 кл 10А механизм ""ARTGALLERY"" лотос GAL1351 (5)",300200835_,GAL001351,5.0,104
103,"G053 Выкл. 2 кл с инд 10А механизм ""ARTGALLERY"" лотос GAL1353 (5)",300200836_,GAL001353,5.0,105
104,"G054 Диммер поворотно-нажимной механизм 400Вт ""ARTGALLERY"" лотос GAL1323 (1)",300200837_,GAL001323,1.0,106
105,"G055 Роз. комп. RJ45 6A механизм ""ARTGALLERY"" лотос GAL1386 (5)",300200838_,GAL001386,5.0,107
106,"G056 Переключ. 1 кл механизм ""ARTGALLERY"" лотос GAL1361 (5)",300200839_,GAL001361,5.0,108
107,"G057 Перекрест. переключ. 1 кл ""ARTGALLERY"" лотос GAL1371 (5)",300200840_,GAL001371,5.0,109
108,"G058 Роз. 2-ная комп. RJ45+RJ45 6A механизм ""ARTGALLERY"" лотос GAL1388 (1)",300200841_,GAL001388,1.0,110
109,"G059 Роз. с з/к 16А механизм ""ARTGALLERY"" лотос GAL1343 (5)",300200842_,GAL001343,5.0,111
110,"G060 Роз. с з/к с/ш 16А механизм ""ARTGALLERY"" лотос GAL1345 (5)",300200843_,GAL001345,5.0,112
111,"G061 Роз. с з/к с/ш с крышкой 16А механизм IP20 ""ARTGALLERY"" лотос GAL1346 (5)",300200844_,GAL001346,5.0,113
112,"G062 Роз. TV оконечная механизм ""ARTGALLERY"" лотос GAL1391 (5)",300200845_,GAL001391,5.0,114
113,"G063 Рамка 1-ная ""ARTGALLERY"" лотос GAL1301 (10)",300200846_,GAL001301,10.0,115
114,"G064 Рамка 2-ная ""ARTGALLERY"" лотос GAL1302 (5)",300200847_,GAL001302,5.0,116
115,"G065 Рамка 3-ная ""ARTGALLERY"" лотос GAL1303 (5)",300200848_,GAL001303,5.0,117
116,"G066 Рамка 4-ная ""ARTGALLERY"" лотос GAL1304 (5)",300200849_,GAL001304,5.0,118
117,"G067 Рамка 5-ная ""ARTGALLERY"" лотос GAL1305 (5)",300200850_,GAL001305,5.0,119
118,"G068 Переключ. 2 кл механизм ""ARTGALLERY"" лотос GAL1365 (5)",300200851_,GAL001365,5.0,120
119,"G069 Выкл. 1 кл кнопочный 10А механизм ""ARTGALLERY"" лотос GAL1315 (5)",300200852_,GAL001315,5.0,121
120,"G070 Вывод кабеля механизм ""ARTGALLERY"" лотос GAL1399 (5)",300200853_,GAL001399,5.0,122
121,"G071 Роз. 2-ная TV комп. RJ45 5Е ""ARTGALLERY"" лотос GAL1389 (5)",300200854_,GAL001389,5.0,123
122,"G072 Роз. USB A+C 45Вт высокоскор.заряд., механизм ""ARTGALLERY"" лотос GAL1329 (1)",300200855_,GAL001329,1.0,124
123,"G073 Роз. с з/к 16А механизм ""ARTGALLERY"" карбон GAL1043 (5)",300200856_,GAL001043,5.0,125
124,"G074 Выкл. 1 кл 10А ""ARTGALLERY"" карбон GAL1011 (5)",300200857_,GAL001011,5.0,126
125,"G075 Выкл. 1 кл с инд 10А механизм ""ARTGALLERY"" карбон GAL1013 (5)",300200858_,GAL001013,5.0,127
126,"G076 Выкл. 2 кл 10А механизм ""ARTGALLERY"" карбон GAL1051 (5)",300200859_,GAL001051,5.0,128
127,"G077 Выкл. 2 кл с инд 10А механизм ""ARTGALLERY"" карбон GAL1053 (5)",300200860_,GAL001053,5.0,129
128,"G078 Роз. комп. RJ45 6A механизм ""ARTGALLERY"" карбон GAL1086 (5)",300200861_,GAL001086,5.0,130
129,"G079 Переключ. 1 кл механизм ""ARTGALLERY"" карбон GAL1061 (5)",300200862_,GAL001061,5.0,131
130,"G080 Перекрест. переключ. 1 кл ""ARTGALLERY"" карбон GAL1071 (5)",300200863_,GAL001071,5.0,132
131,"G081 Роз. 2-ная комп. RJ45+RJ45 6A механизм ""ARTGALLERY"" карбон GAL1088 (1)",300200864_,GAL001088,1.0,133
132,"G082 Роз. с з/к с/ш 16А механизм ""ARTGALLERY"" карбон GAL1045 (5)",300200865_,GAL001045,5.0,134
133,"G083 Роз. с з/к с/ш с крышкой 16А механизм IP20 ""ARTGALLERY"" карбон GAL1046 (5)",300200866_,GAL001046,5.0,135
134,"G084 Роз. TV оконечная механизм ""ARTGALLERY"" карбон GAL1091 (5)",300200867_,GAL001091,5.0,136
135,"G085 Рамка 1-ная ""ARTGALLERY"" карбон GAL1001 (10)",300200868_,GAL001001,10.0,137
136,"G086 Рамка 2-ная ""ARTGALLERY"" карбон GAL1002 (5)",300200869_,GAL001002,5.0,138
137,"G087 Рамка 3-ная ""ARTGALLERY"" карбон GAL1003 (5)",300200870_,GAL001003,5.0,139
138,"G088 Рамка 4-ная ""ARTGALLERY"" карбон GAL1004 (5)",300200871_,GAL001004,5.0,140
139,"G089 Рамка 5-ная ""ARTGALLERY"" карбон GAL1005 (5)",300200872_,GAL001005,5.0,141
140,G090 Переключ. 2 кл механизм карбон GAL1065 (5),300200873_,GAL001065,5.0,142
141,"G091 Диммер поворотно-нажимной механизм 400Вт ""ARTGALLERY"" карбон GAL1023 (1)",300200874_,GAL001023,1.0,143
142,"G092 Роз. с з/к с/ш с крышкой 16А механизм IP44 ""ARTGALLERY"" карбон GAL441046 (5)",300200875_,GAL441046,5.0,144
143,"G093 Рамка 1-ная IP44 ""ARTGALLERY"" карбон GAL441001 (5)",300200876_,GAL441001,5.0,145
144,"G094 Рамка 2-ная IP44 ""ARTGALLERY"" карбон GAL441002 (5)",300200877_,GAL441002,5.0,146
145,"G095 Выкл. 1 кл кнопочный 10А механизм ""ARTGALLERY"" карбон GAL1015 (5)",300200878_,GAL001015,5.0,147
146,"G096 Вывод кабеля механизм ""ARTGALLERY"" карбон    GAL1099 (5)",300200879_,GAL001099,5.0,148
147,"G097 Роз. 2-ная TV комп. RJ45 5Е ""ARTGALLERY"" карбон GAL1089 (5)",300200880_,GAL001089,5.0,149
148,"G098 Роз. USB A+C 45Вт высокоскор.заряд., механизм ""ARTGALLERY"" карбон GAL1029 (1)",300200881_,GAL001029,1.0,150
149,"G099 Рамка 1-ная ""ARTGALLERY"" золото GAL1601 (5)",300200882_,GAL001601,10.0,151
150,"G100 Рамка 2-ная ""ARTGALLERY"" золото GAL1602 (5)",300200883_,GAL001602,5.0,152
151,"G101 Рамка 3-ная ""ARTGALLERY"" золото GAL1603 (5)",300200884_,GAL001603,5.0,153
152,"G102 Рамка 4-ная ""ARTGALLERY"" золото GAL1604 (5)",300200885_,GAL001604,5.0,154
153,"G103 Рамка 5-ная ""ARTGALLERY"" золото GAL1605 (5)",300200886_,GAL001605,5.0,155
154,"G104 Роз. с з/к 16А механизм ""ARTGALLERY"" сталь GAL0943 (5)",300200887_,GAL000943,5.0,156
155,"G105 Выкл. 1 кл 10А ""ARTGALLERY"" сталь GAL0911 (5)",300200888_,GAL000911,5.0,157
156,"G106 Выкл. 1 кл с инд механизм ""ARTGALLERY"" сталь GAL0913 (5)",300200889_,GAL000913,5.0,158
157,"G107 Выкл. 2 кл 10А механизм ""ARTGALLERY"" сталь GAL0951 (5)",300200890_,GAL000951,5.0,159
158,"G109 Роз. комп. RJ45 6A механизм ""ARTGALLERY"" сталь GAL0986 (5)",300200892_,GAL000986,5.0,160
159,"G110 Переключ. 1 кл механизм ""ARTGALLERY"" сталь GAL0961 (5)",300200893_,GAL000961,5.0,161
160,"G111 Перекрест. переключ. 1 кл ""ARTGALLERY"" сталь GAL0971 (5)",300200894_,GAL000971,5.0,162
161,"G112 Роз. 2-ная комп. RJ45+RJ45 6А механизм ""ARTGALLERY"" сталь GAL0988 (1)",300200895_,GAL000988,1.0,163
162,"G113 Роз. с з/к с/ш 16А механизм ""ARTGALLERY"" сталь GAL0945 (5)",300200896_,GAL000945,5.0,164
163,"G114 Роз. TV оконечная механизм ""ARTGALLERY"" сталь GAL0991 (5)",300200897_,GAL000991,5.0,165
164,"G115 Рамка 1-ная ""ARTGALLERY"" сталь GAL0901 (10)",300200898_,GAL000901,10.0,166
165,"G116 Рамка 2-ная ""ARTGALLERY"" сталь GAL0902 (5)",300200899_,GAL000902,5.0,167
166,"G117 Рамка 3-ная ""ARTGALLERY"" сталь GAL0903 (5)",300200900_,GAL000903,5.0,168
167,"G118 Рамка 4-ная ""ARTGALLERY"" сталь GAL0904 (5)",300200901_,GAL000904,5.0,169
168,"G119 Рамка 5-ная ""ARTGALLERY"" сталь GAL0905 (5)",300200902_,GAL000905,5.0,170
169,"G120 Переключ. 2 кл механизм ""ARTGALLERY"" сталь GAL0965 (5)",300200903_,GAL000965,5.0,171
170,"G121 Выкл. 1 кл кнопочный 10А механизм ""ARTGALLERY"" сталь GAL0915 (5)",300200904_,GAL000915,5.0,172
171,"G122 Вывод кабеля механизм ""ARTGALLERY"" сталь    GAL0999 (5)",300200905_,GAL000999,5.0,173
172,"G123 Роз. 2-ная TV комп. RJ45 5Е ""ARTGALLERY"" сталь GAL0989 (5)",300200906_,GAL000989,5.0,174
173,"G124 Роз. USB A+C 45Вт высокоскор.заряд., механизм ""ARTGALLERY"" сталь GAL0929 (1)",300200907_,GAL000929,1.0,175
174,"G125 Диммер поворотно-нажимной механизм 400Вт ""ARTGALLERY"" сталь GAL0923 (1)",300200908_,GAL000923,1.0,176
175,"G126 Роз. с з/к с/ш с крышкой 16А механизм IP20 ""ARTGALLERY"" сталь GAL0946 (5)",300200909_,GAL000946,5.0,177
176,"G127 Роз. с з/к 16А механизм ""ARTGALLERY"" мокко GAL0643 (10)",300200910_,GAL000643,10.0,178
177,"G128 Роз. с з/к с/ш 16А механизм ""ARTGALLERY"" мокко GAL0645 (10)",300200911_,GAL000645,10.0,179
178,"G129 Выкл. 1 кл 10А ""ARTGALLERY"" мокко GAL0611 (10)",300200912_,GAL000611,10.0,180
179,"G130 Выкл. 1 кл с инд 10А механизм ""ARTGALLERY"" мокко GAL0613 (10)",300200913_,GAL000613,10.0,181
180,"G131 Выкл. 2 кл 10А механизм ""ARTGALLERY"" мокко GAL0651 (10)",300200914_,GAL000651,10.0,182
181,"G132 Выкл. 2 кл с инд 10А механизм ""ARTGALLERY"" мокко GAL0653 (10)",300200915_,GAL000653,10.0,183
182,"G133 Роз. комп. RJ45 6A механизм, ""ARTGALLERY"" мокко GAL0686 (5)",300200916_,GAL000686,5.0,184
183,"G134 Переключ. 1 кл механизм ""ARTGALLERY"" мокко GAL0661 (10)",300200917_,GAL000661,10.0,185
184,"G135 Перекрест. переключ. 1 кл ""ARTGALLERY"" мокко GAL0671 (5)",300200918_,GAL000671,5.0,186
185,"G136 Роз. 2-ная комп. RJ45+RJ45 6А механизм ""ARTGALLERY"" мокко GAL0688 (1)",300200919_,GAL000688,1.0,187
186,"G137 Роз. TV оконечная механизм ""ARTGALLERY"" мокко GAL0691 (5)",300200920_,GAL000691,5.0,188
187,"G138 Рамка 1-ная ""ARTGALLERY"" мокко GAL0601 (20)",300200921_,GAL000601,20.0,189
188,"G139 Рамка 2-ная ""ARTGALLERY"" мокко GAL0602 (10)",300200922_,GAL000602,10.0,190
189,"G140 Рамка 3-ная ""ARTGALLERY"" мокко GAL0603 (5)",300200923_,GAL000603,5.0,191
190,"G141 Рамка 4-ная ""ARTGALLERY"" мокко GAL0604 (5)",300200924_,GAL000604,5.0,192
191,"G142 Рамка 5-ная ""ARTGALLERY"" мокко GAL0605 (5)",300200925_,GAL000605,5.0,193
192,"G143 Переключ. 2 кл механизм ""ARTGALLERY"" мокко GAL0665 (10)",300200926_,GAL000665,10.0,194
193,"G144 Выкл. 1 кл кнопочный 10А механизм ""ARTGALLERY"" мокко GAL0615 (5)",300200927_,GAL000615,5.0,195
194,"G145 Вывод кабеля механизм ""ARTGALLERY"" мокко GAL0699 (5)",300200928_,GAL000699,5.0,196
195,"G146 Роз. 2-ная TV комп. RJ45 5Е ""ARTGALLERY"" мокко GAL0689 (5)",300200929_,GAL000689,5.0,197
196,"G147 Роз. USB A+C 45Вт высокоскор.заряд., механизм ""ARTGALLERY"" мокко GAL0629 (1)",300200930_,GAL000629,1.0,198
197,"G148 Диммер поворотно-нажимной механизм 400Вт ""ARTGALLERY"" мокко GAL0623 (1)",300200931_,GAL000623,1.0,199
198,"G149 Роз. с з/к с/ш с крышкой 16А механизм IP20 ""ARTGALLERY"" мокко GAL0646 (10)",300200932_,GAL000646,10.0,200
199,"G150 Роз. с з/к 16А механизм ""ARTGALLERY"" базальт GAL1443 (5)",300200933_,GAL001443,5.0,201
200,"G151 Выкл. 1 кл 10А ""ARTGALLERY"" базальт GAL1411 (5)",300200934_,GAL001411,5.0,202
201,"G152 Выкл. 1 кл с инд 10А механизм ""ARTGALLERY"" базальт GAL1413 (5)",300200935_,GAL001413,5.0,203
202,"G153 Выкл. 2 кл 10А механизм ""ARTGALLERY"" базальт GAL1451 (5)",300200936_,GAL001451,5.0,204
203,"G154 Выкл. 2 кл с инд 10А механизм ""ARTGALLERY"" базальт GAL1453 (5)",300200937_,GAL001453,5.0,205
204,"G155 Роз. комп. RJ45 6A механизм ""ARTGALLERY"" базальт GAL1486 (5)",300200938_,GAL001486,5.0,206
205,"G156 Переключ. 1 кл механизм ""ARTGALLERY"" базальт GAL1461 (5)",300200939_,GAL001461,5.0,207
206,"G157 Перекрест. переключ. 1 кл ""ARTGALLERY"" базальт GAL1471 (5)",300200940_,GAL001471,5.0,208
207,"G158 Роз. 2-ная комп. RJ45+RJ45 6A механизм ""ARTGALLERY"" базальт GAL1488 (1)",300200941_,GAL001488,1.0,209
208,"G159 Роз. с з/к с/ш 16А механизм ""ARTGALLERY"" базальт GAL1445 (5)",300200942_,GAL001445,5.0,210
209,"G160 Роз. с з/к с/ш с крышкой 16А механизм IP20 ""ARTGALLERY"" базальт GAL1446 (5)",300200943_,GAL001446,5.0,211
210,"G161 Роз. TV оконечная 1DB механизм ""ARTGALLERY"" базальт GAL1491 (5)",300200944_,GAL001491,5.0,212
211,"G162 Рамка 1-ная ""ARTGALLERY"" базальт GAL1401 (10)",300200945_,GAL001401,10.0,213
212,"G163 Рамка 2-ная ""ARTGALLERY"" базальт GAL1402 (5)",300200946_,GAL001402,5.0,214
213,"G164 Рамка 3-ная ""ARTGALLERY"" базальт GAL1403 (5)",300200947_,GAL001403,5.0,215
214,"G165 Рамка 4-ная ""ARTGALLERY"" базальт GAL1404 (5)",300200948_,GAL001404,5.0,216
215,"G166 Рамка 5-ная ""ARTGALLERY"" базальт GAL1405 (5)",300200949_,GAL001405,5.0,217
216,"G167 Переключ. 2 кл механизм ""ARTGALLERY"" базальт GAL1465 (5)",300200950_,GAL001465,5.0,218
217,"G168 Диммер поворотно-нажимной механизм 400Вт ""ARTGALLERY"" базальт GAL1423 (1)",300200951_,GAL001423,1.0,219
218,"G169 Выкл. 1 кл кнопочный 10А механизм ""ARTGALLERY"" базальт GAL1415 (5)",300200952_,GAL001415,5.0,220
219,"G170 Вывод кабеля механизм ""ARTGALLERY"" базальт GAL1499 (5)",300200953_,GAL001499,5.0,221
220,"G171 Роз. 2-ная TV комп. RJ45 5Е ""ARTGALLERY"" базальт GAL1489 (5)",300200954_,GAL001489,5.0,222
221,"G172 Роз. USB A+C 45Вт высокоскор.заряд., механизм ""ARTGALLERY"" базальт GAL1429 (1)",300200955_,GAL001429,1.0,223
222,"G384 Выкл 1 кл 10А с/у ""ATLAS"" жемчуг ATN412 (10)",300200371_,ATN000412,10.0,224
223,"G385 Выкл 1 кл с инд 10А с/у б/рамки ""ATLAS"" жемчуг ATN413 (10)",300200420_,ATN000413,10.0,225
224,"G386 Выкл 2 кл 10А с/у ""ATLAS"" жемчуг ATN452 (10)",300200375_,ATN000452,10.0,226
225,"G387 Выкл 2 кл с инд 10А с/у б/рамки ""ATLAS"" жемчуг ATN453 (10)",300200422_,ATN000453,10.0,227
226,"G388 Выкл 3 кл 10А с/у б/рамки ""ATLAS"" жемчуг ATN431 (10)",300200363_,ATN000431,10.0,228
227,"G390 Комп. роз. RJ45 5Е механизм б/рамки ""ATLAS"" жемчуг ATN483 (10)",300200368_,ATN000483,5.0,229
228,"G391 Переключ. 1 кл 10А с/у б/рамки ""ATLAS"" жемчуг ATN461 (10)",300200367_,ATN000461,10.0,230
229,"G392 Переключ. 1 кл с инд 10А с/у б/рамки  ""ATLAS"" жемчуг ATN463 (10)",300200426_,ATN000463,10.0,231
230,"G393 Перекрест.переключ. 1 кл 10А с/у б/рамки ""ATLAS"" жемчуг ATN471 (5)",300200424_,ATN000471,5.0,232
231,"G394 Роз. 2-ная с/у 16А ""ATLAS"" жемчуг ATN420 (6)",300200372_,ATN000420,6.0,233
232,"G395 Роз. 2-ная с/у 16А с з/к з/ш ""ATLAS"" жемчуг ATN426 (6)",300200373_,ATN000426,6.0,234
233,"G397 Роз. RJ45+RJ45 5Е кат 5Е механизм б/рамки ""ATLAS"" жемчуг ATN485 (10)",300200418_,ATN000485,10.0,235
234,"G398 Роз. с з/к 16А с/у б/рамки ""ATLAS"" жемчуг ATN443 (10)",300200365_,ATN000443,10.0,236
235,"G3988 Роз. без з/к без с/ш 16А б/рамки ""ATLAS"" жемчуг ATN441 (10) NEW",300200364_,ATN000441,10.0,237
236,"G399 Роз. с з/к 16А с/у з/ш ""ATLAS"" жемчуг ATN444 (10)",300200374_,ATN000444,10.0,238
237,"G401 ТV роз. оконечная с/у б/рамки ""ATLAS"" жемчуг ATN491  (10)",300200370_,ATN000491,10.0,239
238,"G402 Телефонная роз. RJ11 механизм б/рамки ""ATLAS"" жемчуг ATN481 (10)",300200425_,ATN000481,5.0,240
239,"G404 USB розетка - 2 порта с/у б/рамки ""ATLAS"" жемчуг ATN433 (1) !!!",300200419_,ATN000433,1.0,241
240,"G405 Рамка 1-ная ""ATLAS"" жемчуг  ATN401 (20)",300200376_,ATN000401,20.0,242
241,"G406 Рамка 2-ная ""ATLAS"" жемчуг ATN402 (10)",300200377_,ATN000402,10.0,243
242,"G407 Рамка 3-ная ""ATLAS"" жемчуг ATN403 (15)",300200378_,ATN000403,5.0,244
243,"G408 Рамка 4-ная ""ATLAS"" жемчуг ATN404 (15)",300200379_,ATN000404,5.0,245
244,"G409 Рамка 5-ная ""ATLAS"" жемчуг ATN405 (5)",300200380_,ATN000405,5.0,246
245,"G414 Переключ. 2 кл 10А с/у б/рамки ""ATLAS"" жемчуг ATN465 (10)",300200421_,ATN000465,10.0,247
246,"GLOSSA 2-клавишный ВЫКЛЮЧАТЕЛЬ, сх.5, 10АХ, механизм, БЕЛЫЙ",щщщ0116254,GSL000151,20.0,248
247,"K001 Роз. с з/к 16А с/у б/рамки ""ATLAS"" СТАЛЬ ATN943 (5)",300200520_,ATN000943,5.0,249
248,"K002 Выкл 1 кл 10А с/у ""ATLAS"" СТАЛЬ ATN912 (5) NEW",300200521_,ATN000912,5.0,250
249,"K003 Выкл 1 кл с инд 10А с/у б/рамки ""ATLAS"" СТАЛЬ ATN913 (5)",300200522_,ATN000913,5.0,251
250,"K004 Выкл 2 кл 10А с/у ""ATLAS"" СТАЛЬ ATN952 (5) NEW",300200523_,ATN000952,5.0,252
251,"K005 Выкл 2 кл с инд 10А с/у б/рамки ""ATLAS"" СТАЛЬ ATN953 (5)",300200524_,ATN000953,5.0,253
252,"K006 Выкл 3 кл 10А с/у б/рамки ""ATLAS"" СТАЛЬ ATN931 (5)",300200525_,ATN000931,5.0,254
253,"K007 Комп. роз. RJ45 5Е механизм б/рамки ""ATLAS"" СТАЛЬ ATN983 (5)",300200526_,ATN000983,1.0,255
254,"K008 Переключ. 1 кл 10А с/у б/рамки ""ATLAS"" СТАЛЬ ATN961 (5)",300200527_,ATN000961,5.0,256
255,"K010 Перекрест.переключ. 1 кл 10А с/у б/рамки ""ATLAS"" СТАЛЬ ATN971 (2)",300200529_,ATN000971,1.0,257
256,"K011 Роз. 2-ная с/у 16А ""ATLAS"" СТАЛЬ ATN920 (6)",300200530_,ATN000920,6.0,258
257,"K012 Роз. 2-ная с/у 16А с з/к з/ш ""ATLAS"" СТАЛЬ ATN926 (6)",300200531_,ATN000926,6.0,259
258,"K013 Роз. RJ45+RJ45 5Е кат 5Е механизм б/рамки ""ATLAS"" СТАЛЬ ATN985 (5)",300200532_,ATN000985,1.0,260
259,"K014 Роз. с з/к 16А с/у з/ш ""ATLAS"" СТАЛЬ ATN944 (5)",300200533_,ATN000944,5.0,261
260,"K015 ТV роз. оконечная с/у б/рамки ""ATLAS"" СТАЛЬ ATN991(5)",300200534_,ATN000991,5.0,262
261,"K016 Телефонная роз. RJ11 механизм б/рамки ""ATLAS"" СТАЛЬ ATN981 (5)",300200535_,ATN000981,1.0,263
262,"K017 Рамка 1-ная ""ATLAS"" СТАЛЬ ATN901 (5)",300200536_,ATN000901,10.0,264
263,"K018 Рамка 2-ная ""ATLAS"" СТАЛЬ ATN902 (5)",300200537_,ATN000902,5.0,265
264,"K019 Рамка 3-ная ""ATLAS"" СТАЛЬ ATN903 (2)",300200538_,ATN000903,5.0,266
265,"K020 Рамка 4-ная ""ATLAS"" СТАЛЬ ATN904 (2)",300200539_,ATN000904,5.0,267
266,"K021 Рамка 5-ная ""ATLAS"" СТАЛЬ ATN905 (2)",300200540_,ATN000905,5.0,268
267,"K022 Переключ. 2 кл 10А с/у б/рамки ""ATLAS"" СТАЛЬ ATN965 (5)",300200541_,ATN000965,5.0,269
268,"K023 Роз. с з/к 16А с/у б/рамки ""ATLAS"" ШАМПАНЬ ATN543 (10)",300200542_,ATN000543,10.0,270
269,"K0233 Роз. с з/к с з/ш, 16А, механизм ""ATLAS"" ШАМПАНЬ ATN545 (10)",300200624_,ATN000545,10.0,271
270,"K02333 Роз. без з/к без с/ш 16А мех. ""ATLAS"" ШАМПАНЬ ATN541 (10) NEW",300200704_,ATN000541,10.0,272
271,"K024 Выкл 1 кл 10А с/у ""ATLAS"" ШАМПАНЬ ATN512 (10)",300200543_,ATN000512,10.0,273
272,"K025 Выкл 1 кл с инд 10А с/у б/рамки ""ATLAS"" ШАМПАНЬ ATN513 (10)",300200544_,ATN000513,10.0,274
273,"K026 Выкл 2 кл 10А с/у ""ATLAS"" ШАМПАНЬ ATN552 (10)",300200545_,ATN000552,10.0,275
274,"K0266 Выкл. 2 кл 10А б/рамки ""ATLAS"" ШАМПАНЬ ATN551 (10) NEW",300200593_,ATN000551,10.0,276
275,"K027 Выкл 2 кл с инд 10А с/у б/рамки ""ATLAS"" ШАМПАНЬ ATN553 (10)",300200546_,ATN000553,10.0,277
276,"K028 Выкл 3 кл 10А с/у б/рамки ""ATLAS"" ШАМПАНЬ ATN531 (10)",300200547_,ATN000531,10.0,278
277,"K029 Комп. роз. RJ45 5Е механизм б/рамки ""ATLAS"" ШАМПАНЬ ATN583 (10)",300200548_,ATN000583,5.0,279
278,"K030 Переключ. 1 кл 10А с/у б/рамки ""ATLAS"" ШАМПАНЬ ATN561 (10)",300200549_,ATN000561,10.0,280
279,"K031 Переключ. 1 кл с инд 10А с/у б/рамки  ""ATLAS"" ШАМПАНЬ ATN563  (10)",300200550_,ATN000563,10.0,281
280,"K032 Перекрест.переключ. 1 кл 10А с/у б/рамки ""ATLAS"" ШАМПАНЬ ATN571 (5)",300200551_,ATN000571,5.0,282
281,"K0322 Перекрест. перекл. 2 кл 10А с/у б/рамки ""ATLAS"" ШАМПАНЬ ATN573 (5) NEW",300200773_,ATN000573,5.0,283
282,"K033 Роз. 2-ная с/у 16А ""ATLAS"" ШАМПАНЬ ATN520 (6)",300200552_,ATN000520,6.0,284
283,"K034 Роз. 2-ная с/у 16А с з/к з/ш ""ATLAS"" ШАМПАНЬ ATN526 (6)",300200553_,ATN000526,6.0,285
284,"K035 Роз. RJ45+RJ45 5Е кат 5Е механизм б/рамки ""ATLAS"" ШАМПАНЬ ATN585 (10)",300200554_,ATN000585,5.0,286
285,"K036 Роз. с з/к 16А с/у з/ш ""ATLAS"" ШАМПАНЬ ATN544 (10)",300200555_,ATN000544,10.0,287
286,"K037 ТV роз. оконечная с/у б/рамки ""ATLAS"" ШАМПАНЬ ATN591(10)",300200556_,ATN000591,10.0,288
287,"K038 Телефонная роз. RJ11 механизм б/рамки ""ATLAS"" ШАМПАНЬ ATN581 (10)",300200557_,ATN000581,10.0,289
288,"K039 Рамка 1-ная ""ATLAS"" ШАМПАНЬ ATN501 (10)",300200558_,ATN000501,20.0,290
289,"K040 Рамка 2-ная ""ATLAS"" ШАМПАНЬ ATN502 (10)",300200559_,ATN000502,10.0,291
290,"K041 Рамка 3-ная ""ATLAS"" ШАМПАНЬ ATN503 (15)",300200560_,ATN000503,5.0,292
291,"K042 Рамка 4-ная ""ATLAS"" ШАМПАНЬ ATN504 (15)",300200561_,ATN000504,5.0,293
292,"K043 Рамка 5-ная ""ATLAS"" ШАМПАНЬ ATN505 (5)",300200562_,ATN000505,5.0,294
293,"K044 Переключ. 2 кл 10А с/у б/рамки ""ATLAS"" ШАМПАНЬ ATN565 (10)",300200563_,ATN000565,10.0,295
294,"K045 Роз. с з/к 16А с/у б/рамки ""ATLAS"" ГРИФЕЛЬ ATN743 (10)",300200564_,ATN000743,10.0,296
295,"K046 Выкл 1 кл 10А с/у ""ATLAS"" ГРИФЕЛЬ ATN712 (10)",300200565_,ATN000712,10.0,297
296,"K0461 Выкл. 1-кл 10А с/у б/рамки ""ATLAS"" ГРИФЕЛЬ ATN711 (10) NEW",300200590_,ATN000711,10.0,298
297,"K047 Выкл 1 кл с инд 10А с/у б/рамки ""ATLAS"" ГРИФЕЛЬ ATN713 (10)",300200566_,ATN000713,10.0,299
298,"K048 Выкл 2 кл 10А с/у ""ATLAS"" ГРИФЕЛЬ ATN752 (10)",300200567_,ATN000752,10.0,300
299,"K0488 Выкл 2-кл 10А механизм ""ATLAS"" ГРИФЕЛЬ ATN751 (10)",300200591_,ATN000751,10.0,301
300,"K049 Выкл 2 кл с инд 10А с/у б/рамки ""ATLAS"" ГРИФЕЛЬ ATN753 (10)",300200568_,ATN000753,10.0,302
301,"K050 Выкл 3 кл 10А с/у б/рамки ""ATLAS"" ГРИФЕЛЬ ATN731 (10)",300200569_,ATN000731,10.0,303
302,"K051 Комп. роз. RJ45 5Е механизм б/рамки ""ATLAS"" ГРИФЕЛЬ ATN783 (10)",300200570_,ATN000783,5.0,304
303,"K052 Переключ. 1 кл 10А с/у б/рамки ""ATLAS"" ГРИФЕЛЬ ATN761 (10)",300200571_,ATN000761,10.0,305
304,"K053 Переключ. 1 кл с инд 10А с/у б/рамки  ""ATLAS"" ГРИФЕЛЬ ATN763  (10)",300200572_,ATN000763,5.0,306
305,"K054 Перекрест.переключ. 1 кл 10А с/у б/рамки ""ATLAS"" ГРИФЕЛЬ ATN771 (5)",300200573_,ATN000771,5.0,307
306,"K055 Роз. 2-ная с/у 16А ""ATLAS"" ГРИФЕЛЬ ATN720 (6)",300200574_,ATN000720,6.0,308
307,"K056 Роз. 2-ная с/у 16А с з/к з/ш ""ATLAS"" ГРИФЕЛЬ ATN726 (6)",300200575_,ATN000726,6.0,309
308,"K057 Роз. RJ45+RJ45 5Е кат 5Е механизм б/рамки ""ATLAS"" ГРИФЕЛЬ ATN785 (10)",300200511_,ATN000785,10.0,310
309,"K058 Роз. с з/к 16А с/у з/ш ""ATLAS"" ГРИФЕЛЬ ATN744 (10)",300200576_,ATN000744,10.0,311
310,"K0588 Роз. без з/к без з/ш б/рамки 16А ""ATLAS"" ГРИФЕЛЬ ATN741   (10) NEW",300200776_,ATN000741,10.0,312
311,"K059 ТV роз. оконечная с/у б/рамки ""ATLAS"" ГРИФЕЛЬ ATN791 (10)",300200577_,ATN000791,10.0,313
312,"K061 Рамка 1-ная ""ATLAS"" ГРИФЕЛЬ ATN701 (10)",300200579_,ATN000701,20.0,314
313,"K062 Рамка 2-ная ""ATLAS"" ГРИФЕЛЬ ATN702 (10)",300200580_,ATN000702,10.0,315
314,"K063 Рамка 3-ная ""ATLAS"" ГРИФЕЛЬ ATN703 (15)",300200581_,ATN000703,5.0,316
315,"K064 Рамка 4-ная ""ATLAS"" ГРИФЕЛЬ ATN704 (15)",300200582_,ATN000704,5.0,317
316,"K065 Рамка 5-ная ""ATLAS"" ГРИФЕЛЬ ATN705 (5)",300200583_,ATN000705,5.0,318
317,"K066 Переключ. 2 кл 10А с/у б/рамки ""ATLAS"" ГРИФЕЛЬ ATN765 (10)",300200584_,ATN000765,10.0,319
318,"K067 Роз. с з/к 16А с/у б/рамки ""ATLAS"" КАРБОН ATN1043 (5)",300200343_,ATN001043,10.0,320
319,"K0677 Роз. без з/к без шторок, 16А, механизм ""ATLAS"" КАРБОН ATN1041 (10)",020100163_,ATN001041,10.0,321
320,"K068 Выкл 1 кл 10А с/у ""ATLAS"" КАРБОН ATN1012 (5)",300200459_,ATN001012,5.0,322
321,"K0688 Выкл 1 кл 10А механизм ""ATLAS"" КАРБОН ATN1011 (5)",020100158_,ATN001011,10.0,323
322,"K069 Выкл 1 кл с инд 10А с/у б/рамки ""ATLAS"" КАРБОН - ATN1013",020100159_,ATN001013,5.0,324
323,"K070 Выкл 2 кл 10А с/у ""ATLAS"" КАРБОН ATN1052 (5)",300200460_,ATN001052,5.0,325
324,"K0700 Выкл 2 кл 10А механизм ""ATLAS"" КАРБОН ATN1051 (5)",020100160_,ATN001051,10.0,326
325,"K071 Выкл 2 кл с инд 10А с/у б/рамки ""ATLAS"" КАРБОН  - ATN1053",020100161_,ATN001053,5.0,327
326,"K072 Выкл 3 кл 10А с/у б/рамки ""ATLAS"" КАРБОН  ATN1031",300200461_,ATN001031,5.0,328
327,"K074 Комп. роз. RJ45 5Е механизм б/рамки ""ATLAS"" КАРБОН ATN1083 (5)",300200472_,ATN001083,5.0,329
328,"K075 Переключ. 1 кл 10А с/у б/рамки ""ATLAS"" КАРБОН ATN1061 (5)",300200462_,ATN001061,10.0,330
329,"K076 Переключ. 1 кл с инд 10А с/у б/рамки  ""ATLAS"" КАРБОН ATN1063 (2)",300200517_,ATN001063,5.0,331
330,"K077 Перекрест.переключ. 1 кл 10А с/у б/рамки ""ATLAS"", КАРБОН -  ATN1071 (2)",020100162_,ATN001071,5.0,332
331,"K0777 Перекрест. перекл. 2 кл 10А с/у б/рамки мех. ""ATLAS"" КАРБОН ATN1073   (5) NEW",300200772_,ATN001073,5.0,333
332,"K078 Роз. 2-ная с/у 16А ""ATLAS"" КАРБОН ATN1020 (6)",300200468_,ATN001020,6.0,334
333,"K079 Роз. 2-ная с/у 16А с з/к з/ш ""ATLAS"" КАРБОН ATN1026 (6)",300200515_,ATN001026,6.0,335
334,"K080 Роз. RJ45+RJ45 5Е кат 5Е механизм б/рамки ""ATLAS"" КАРБОН ATN1085 (5)",300200518_,ATN001085,5.0,336
335,"K081 Роз. с з/к 16А с/у з/ш ""ATLAS"" КАРБОН ATN1044 (5)",300200516_,ATN001044,5.0,337
336,"K082 ТV роз. оконечная с/у б/рамки ""ATLAS"" КАРБОН ATN1091",300200471_,ATN001091,5.0,338
337,"K083 Телефонная роз. RJ11 механизм б/рамки ""ATLAS"" КАРБОН ATN1081",300200470_,ATN001081,5.0,339
338,"K084 Рамка 1-ая ""ATLAS"" КАРБОН ATN1001 (10)",300200463_,ATN001001,20.0,340
339,"K085 Рамка 2-ая ""ATLAS"" КАРБОН ATN1002 (5)",300200464_,ATN001002,10.0,341
340,"K086 Рамка 3-ая ""ATLAS"" КАРБОН ATN1003 (15)",300200465_,ATN001003,5.0,342
341,"K087 Рамка 4-ая ""ATLAS"" КАРБОН ATN1004",300200466_,ATN001004,5.0,343
342,"K088 Рамка 5-ая ""ATLAS"" КАРБОН ATN1005",300200467_,ATN001005,5.0,344
343,"K089 Переключ. 2 кл 10А с/у б/рамки ""ATLAS"" КАРБОН ATN1065 (5)",300200519_,ATN001065,5.0,345
344,"K090 Диммер повортно нажимной мех. LED RC 400Вт ""ATLAS"" КАРБОН ATN1023 (1) NEW",300200775_,ATN001023,1.0,346
345,"K091 Выкл. AQUA 2 кл IP44 мех. ""ATLAS"" КАРБОН ATN441051   (5) NEW",300200781_,ATN441051,5.0,347
346,"K093 Роз. AQUA с з/к с ш/т 16А с крышкой IP44 механизам ""ATLAS"" КАРБОН ATN441046 (10) NEW",300200779_,ATN441046,10.0,348
347,"K094 Рамка 1-ная AQUA IP44 ""ATLAS"" КАРБОН ATN441001     (10) NEW",300200782_,ATN441001,10.0,349
348,"K095 Рамка 2-ная AQUA IP44 ""ATLAS"" КАРБОН ATN441002     (5) NEW",300200783_,ATN441002,5.0,350
349,"S197 Рамка 1-ная   ""Wessen 59"" (90) !!!",300100015_,KD-1-18,90.0,351
350,"S198 Рамка 2-ная   ""Wessen 59"" (60) !!!",300100006_,KD-2-18,60.0,352
351,"S199 Рамка 3-ная ""Wessen 59"" (15/60) !!!",300100003_,KD-3-18,15.0,353
352,"S200 Рамка 4-ная  ""Wessen 59"" (15/60) !!!",300100012_,KD-4-18,15.0,354
353,"S231 1кл с/у. 6А IP20 ""Прима"" ВС 16-057-б (96) !!!",030200006_,S16-057-B,1.0,355
354,"S232 2кл с/у. 6А IP20 ""Прима"" ВС 56-043-б (96) !!!",030200008_,S56-043-B,1.0,356
355,"S233 1кл. инд.с/у 6А IP20 ""Прима"" ВС 16-053-б (96) !!!",030200005_,S16-053-B,1.0,357
356,"S234 2кл.инд.с/у 6А IP20 ""Прима"" ВС 56-039-б (96) !!!",030200007_,S56-039-B,1.0,358
357,"S236 с/у з/к.з/ш.16А IP20 ""Прима"" РС 16-004-б (81) !!!",030200015_,RS16-004-B,1.0,359
358,"S239 1кл о/у. 6А IP20  ""Прима"" ВА 16-051-б (130) !!!",030200002_,A16-051-B,1.0,360
359,"S242 2кл.инд  о/у 6А IP20  ""Прима"" ВА 56-007-б (130) !!!",030200003_,A56-007-B,1.0,361
360,"S243 о\у 10А IP20  ""Прима"" РА 10-164-б (168) !!!",030200009_,RA10-164-B,1.0,362
361,"S248 с/у. 6А IP20 ""ХИТ"" ВС 16-133-б (96) !!!",030200030_,VS16-133-B,20.0,363
362,"S249 2кл. с/у. 6А IP20 ""ХИТ"" ВС 56-234-б (96)  !!!",030200031_,VS56-234-B,20.0,364
363,"S250 с/у 10А IP20  ""ХИТ"" РС 10-132-б / 10-135-б (114)  !!!",030200036_,RS10-132-B,20.0,365
364,"S251 с/у.з/к 16А  IP20  ""ХИТ"" РС 16-134-б (81) !!!",030200038_,RS16-134-B,20.0,366
365,"S252 2-я с/у 10А IP20  ""ХИТ""  РС 16-235-б / 16-230-б (80) !!!",030200037_,RS16-235-B,10.0,367
366,"S253 2-я с/у.з/к 16А IP20 ""ХИТ"" РС 16-236-б  (68) !!!",030200039_,RS16-236-B,10.0,368
367,"S254 о/у. 6А IP20  ""ХИТ"" ВА 16-131-б (168) !!!",030200028_,VA16-131-B,25.0,369
368,"S255 2кл.о/у. 6А IP20 ""ХИТ"" ВА 56-232-б (168) !!!",030200029_,VA56-232-B,25.0,370
369,"S256 о/у.10А IP20  ""ХИТ"" РА 10-131-б (168) !!!",030200032_,RA10-131-B,25.0,371
370,"S257 о/у. з/к 16А IP20  ""ХИТ""  РА 16-133-б (132) !!!",030200034_,RA16-133-B,17.0,372
371,"S258  2-я.о/у. 10А IP20 ""ХИТ"" РА 16-237I-б / РА 16-233I-б (112) !!!",030200239_,RA16-237I-B,16.0,373
372,"S259 2-я. о/у.з/к.16А IP20 ""ХИТ"" РА 16-238I-б (84) !!!",030200240_,RA16-238I-B,16.0,374
373,"S266 1кл с/у инд 10А ""Wessen 59"" ВС 110-153-18 (10/60) !!!",030200379_,VS110-153-18,1.0,375
374,"S283 о/у. 6А IP44 ""Рондо"" ВА 66-102Б-би переключатель (10/60) !!!",030200026_,VA66-102B-BI,1.0,376
375,"S284 2кл. о/у 6А IP44  ""Рондо"" ВА 56-225Б-би (10/60) !!!",030200025_,VA56-225B-BI,1.0,377
376,"S285 с/у.з/к.з/ш 16А IP44 ""Рондо"" РС 16-126Б-би (10/60) !!!",030200027_,RS16-126B-BI,1.0,378
377,"S286 о/у.з/ш. 10А IP44 ""Рондо"" РА 10-125Б-би (12/72) !!!",030200052_,RA10-125B-BI,1.0,379
378,"S287 о/у.з/к.з/ш.16А IP44 ""Рондо"" РА 16-112Б-би (10/60) !!!",030200053_,RA16-112B-BI,1.0,380
379,"S288 2-я.о/у. з/к.з/ш 16А IP44 ""Рондо"" РА 16-227Б-би (5/30) !!!",030200054_,RA16-227B-BI,1.0,381
380,"S297  Розетка  2-ая с/у, з/ш ЭТЮД (120) РС16-006В !!!",030200183_,РС16-006В,1.0,382
381,"S310  Розетка IP44 с/у, з/к, з/ш ЭТЮД РС16-044В (120)",030200191_,PC16-044B,14.0,383
382,S313  Выкл. 1-кл. с инд. о/у IP44 Белый ЭТЮД ВА10-045В (112),030200175_,BA10-045B,14.0,384
383,"S315  Розетка 1-я о/у, з/ш, з/к IP44 Белая ЭТЮД РА16-044В (96)",030200176_,PA16-044B,12.0,385
384,"S360 Выкл 1 кл 10А с/у ""GLOSSA"" белый GSL112 (15)",030200247_,GSL000112,15.0,386
385,"S361 Выкл 1 кл с инд 10А с/у б/рамки "" белый GSL113 (20)",030200246_,GSL000113,20.0,387
386,"S362 Выкл 2 кл 10А с/у ""GLOSSA"" белый GSL152 (15)",030200243_,GSL000152,15.0,388
387,"S363 Выкл 2 кл с инд 10А с/у б/рамки ""GLOSSA"" белый GSL153 (20)",030200244_,GSL000153,20.0,389
388,"S364 Выкл 3 кл 10А с/у б/рамки ""GLOSSA"" белый GSL131 (20)",030200245_,GSL000131,20.0,390
389,"S365 Переключ. 1 кл 10А с/у б/рамки ""GLOSSA"" белый GSL161 (20)",030200248_,GSL000161,20.0,391
390,"S366 Переключ. 1 кл с инд 10А с/у б/рамки ""GLOSSA"" белый GSL163 (20)",030200249_,GSL000163,20.0,392
391,"S367 Роз. 2-ная с/у 16А ""GLOSSA"" белый GSL120 (15)",030200259_,GSL000120,15.0,393
392,"S368 Роз. 2-ная с/у 16А с з/к з/ш ""GLOSSA"" белый GSL126 (10)",030200260_,GSL000126,10.0,394
393,"S369 Роз. с з/к 16А с/у ""GLOSSA"" белый GSL142 (15)",030200256_,GSL000142,15.0,395
394,"S370 Роз. с з/к 16А с/у з/ш ""GLOSSA"" белый GSL144 (15)",030200257_,GSL000144,15.0,396
395,"S371 Роз. с з/к 16А с/у з/ш IP44 ""GLOSSA"" белый GSL148 (10)",030200258_,GSL000148,10.0,397
396,"S374 Комп. роз. RJ45 5Е механизм б/рамки ""GLOSSA"" белый GSL181K (10)",030200263_,GSL000181K,10.0,398
397,"S375 Роз. RG11+RJ45 5Е кат 5Е механизм б/рамки ""GLOSSA"" белый GSL185 (10)",030200262_,GSL000185,10.0,399
398,"S376 ТV роз. проход.с/у б/рамки ""GLOSSA"" белый GSL192 (10)",030200265_,GSL000192,10.0,400
399,"S377 Телефонная роз. RJ11 механизм б/рамки ""GLOSSA"" белый GSL181T (10)",030200261_,GSL000181T,10.0,401
400,"S378 USB розетка - 2х5В/ 1050 мА с/у б/рамки ""GLOSSA"" белый GSL133 (1)",030200292_,GSL000133,1.0,402
401,"S379 Рамка 1-ная ""GLOSSA"" белый GSL101 (45)",030200250_,GSL000101,45.0,403
402,"S380 Рамка 2-ная ""GLOSSA"" белый GSL102 (30)",030200251_,GSL000102,30.0,404
403,"S381 Рамка 3-ная ""GLOSSA"" белый GSL103 (15)",030200252_,GSL000103,15.0,405
404,"S382 Рамка 4-ная ""GLOSSA"" белый GSL104 (15)",030200253_,GSL000104,15.0,406
405,"S383 Рамка 5-ная ""GLOSSA"" белый GSL105 (5)",030200254_,GSL000105,5.0,407
406,"S3833 Выкл 1 кл 10А с/у б/рамки ""ATLAS"" белый (20) ATN111",300200331_,ATN000111,20.0,408
407,"S384 Выкл 1 кл 10А с/у ""ATLAS"" белый ATN112  (15)",300200296_,ATN000112,15.0,409
408,"S385 Выкл 1 кл с инд 10А с/у б/рамки ""ATLAS"" белый ATN113 (20)",300200283_,ATN000113,20.0,410
409,"S386 Выкл 2 кл 10А с/у ""ATLAS"" белый ATN152 (15)",300200302_,ATN000152,15.0,411
410,"S3866 Выкл 2 кл 10А механизм ""ATLAS"" белый ATN151 (20)",300200333_,ATN000151,20.0,412
411,"S387 Выкл 2 кл с инд 10А с/у б/рамки ""ATLAS"" белый ATN153 (20)",300200288_,ATN000153,20.0,413
412,"S388 Выкл 3 кл 10А с/у б/рамки ""ATLAS"" белый ATN131 (20)",300200284_,ATN000131,20.0,414
413,"S3899 Диммер поворотно-нажимной с/у б/рамки 400Вт ""ATLAS"" белый ATN123 (1)",300200767_,ATN000123,1.0,415
414,"S390 Комп. роз. RJ45 5Е механизм б/рамки ""ATLAS"" белый ATN183 (10)",300200293_,ATN000183,10.0,416
415,"S391 Переключ. 1 кл 10А с/у б/рамки ""ATLAS"" белый ATN161 (20)",300200289_,ATN000161,20.0,417
416,"S392 Переключ. 1 кл с инд 10А с/у б/рамки  ""ATLAS"" белый ATN163 (20)",300200290_,ATN000163,20.0,418
417,"S393 Перекрест.переключ. 1 кл 10А с/у б/рамки ""ATLAS"" белый ATN171 (5)",300200291_,ATN000171,5.0,419
418,"S394 Роз. 2-ная с/у 16А ""ATLAS"" белый ATN120 (15)",300200297_,ATN000120,15.0,420
419,"S395 Роз. 2-ная с/у 16А с з/к з/ш ""ATLAS"" белый ATN126 (10)",300200298_,ATN000126,10.0,421
420,"S396 Роз. 2-ная с/у 16А с з/к з/ш со сдвиж.крыш.""ATLAS"" белый ATN128 (6)",300200299_,ATN000128,6.0,422
421,"S397 Роз. RJ45+RJ45 5Е кат 5Е механизм б/рамки ""ATLAS"" белый ATN185 (10)",300200294_,ATN000185,10.0,423
422,"S398 Роз. с з/к 16А с/у б/рамки ""ATLAS"" белый ATN143 (20)",300200286_,ATN000143,20.0,424
423,"S3988 Роз. без з/к без шторок 16А механизм ""ATLAS"" белый ATN141 (20)",300200332_,ATN000141,20.0,425
424,"S399 Роз. с з/к 16А с/у з/ш ""ATLAS"" белый ATN144 (15)",300200301_,ATN000144,15.0,426
425,"S400 Роз. с з/к 16А с/у з/ш с выталкивателем б/рамки ""ATLAS"" белый ATN147 (15)",300200287_,ATN000147,15.0,427
426,"S4000 Роз. с з/к 16А с/у з/ш с крышкой б/рамки""ATLAS"" белый  ATN146 (15)",300200700_,ATN000146,15.0,428
427,"S401 ТV роз. оконечная с/у б/рамки ""ATLAS"" белый ATN191 (10)",300200295_,ATN000191,10.0,429
428,"S402 Телефонная роз. RJ11 механизм б/рамки ""ATLAS"" белый ATN181 (10)",300200292_,ATN000181,5.0,430
429,"S403 ТЕРМОСТАТ для теп.пола с датч. с/у 16А ""ATLAS"" белый (1) ATN138",300200300_,ATN000138,1.0,431
430,"S404 USB розетка - 2 порта с/у б/рамки ""ATLAS"" белый (1) ATL133",300200312_,ATN000133,1.0,432
431,"S405 Рамка 1-ная ""ATLAS"" белый (45) ATN101",300200303_,ATN000101,45.0,433
432,"S406 Рамка 2-ная ""ATLAS"" белый (30) ATN102",300200304_,ATN000102,30.0,434
433,"S407 Рамка 3-ная ""ATLAS"" белый (15) ATN103",300200305_,ATN000103,15.0,435
434,"S408 Рамка 4-ная ""ATLAS"" белый (15) ATN104",300200306_,ATN000104,15.0,436
435,"S409 Рамка 5-ная ""ATLAS"" белый (5) ATN105",300200307_,ATN000105,5.0,437
436,"S410 Переключ. AQUA 1 кл 10А с/у б/рамки IP 44 ""ATLAS"" белый ATN0161 (20)",300200310_,ATN440161,20.0,438
437,"S411 Роз. AQUA с з/к 16А с/у з/ш c крышкой б/рамки IP 44 ""ATLAS"" белый ATN0146 (15)",300200311_,ATN440146,15.0,439
438,"S412 Рамка 1-ная AQUA IP 44 ""ATLAS"" белый ATN0101 (10)",300200308_,ATN440101,10.0,440
439,"S413 Рамка 2-ная AQUA IP 44 ""ATLAS"" белый ATN0102 (5)",300200309_,ATN440102,5.0,441
440,"S414 Выкл 1 кл  с/у 6А 250B ""BLANCA"" белый BLNVS006101 (60)",300200313_,BLNVS006101,10.0,442
441,"S414 Переключ. 2 кл 10А с/у б/рамки ""ATLAS"" белый ATN165 (20)",300200498_,ATN000165,20.0,443
442,"S415 Адаптер 45 ""ATLAS"" белый ATN108  (15)",ATN000108,ATN000108,5.0,444
443,"S415 Выкл 2 кл  с/у 6А 250B ""BLANCA"" белый BLNVS006501 (60)",300200314_,BLNVS006501,10.0,445
444,"S416 Заглушка б/с ""ATLAS"" белый ATN109  (15)",ATN000109,ATN000109,5.0,446
445,"S416 Роз  с/у без з/к 16А 250В ""BLANCA""  белый BLNRS000011 (60)",300200315_,BLNRS000011,10.0,447
446,"S417 Перекрест. перекл. 2 кл 10А с/у б/рамки мех. ""ATLAS"" белый ATN173   (5) NEW",300200771_,ATN000173,5.0,448
447,"S417 Роз  2-ная  с/у без з/к 16А 250В ""BLANCA""  белый BLNRS000021 (36)",300200316_,BLNRS000021,6.0,449
448,"S418 Вывод кабеля механизм ""ATLAS"" белый ATN000199  (10)",300200959_,ATN000199,10.0,450
449,"S418 Роз  с/у с з/к 16А 250В ""BLANCA""  белый BLNRS001011 (60)",300200317_,BLNRS001011,10.0,451
450,"S419 Выкл. 1 кл с самовозвр. механизм ""ATLAS"" белый ATN000115 (5)",300200496_,ATN000115,5.0,452
451,"S419 Роз  с/у с з/к с штор. 16А 250В ""BLANCA"" белый BLNRS001111 (60)",300200346_,BLNRS001111,10.0,453
452,"S420 Роз  2-ная  с/у с з/к 16А 250В ""BLANCA""  белый BLNRS001021 (36)",300200318_,BLNRS001021,6.0,454
453,"S421 Роз  2-ная  с/у с з/к с штор. 16А 250В ""BLANCA"" белый BLNRS001121 (36)",300200347_,BLNRS001121,6.0,455
454,"S422 Выкл 1 кл  о/у 6А 250B ИЗОЛ.ПЛ. ""BLANCA""  белый BLNVA061011 (90)",300200319_,BLNVA061011,15.0,456
455,"S423 Выкл 2 кл  о/у 6А 250B ИЗОЛ.ПЛ. ""BLANCA""  белый BLNVA065011 (90)",300200320_,BLNVA065011,15.0,457
456,"S424 Роз  о/у без з/к 16А 250В ИЗОЛ.ПЛ. ""BLANCA"" белый BLNRA000111 (108)",300200321_,BLNRA000111,18.0,458
457,"S425 Роз  2-ная  о/у без з/к 16А 250В ИЗОЛ.ПЛ. ""BLANCA"" белый BLNRA000211 (60)",300200322_,BLNRA000211,10.0,459
458,"S426 Роз  о/у с з/к 16А 250В ИЗОЛ.ПЛ. ""BLANCA"" белый BLNRA010111 (72)",300200323_,BLNRA010111,12.0,460
459,"S427 Роз  2-ная  о/у с з/к 16А 250В ИЗОЛ.ПЛ. ""BLANCA"" белый BLNRA010211 (48)",300200324_,BLNRA010211,8.0,461
460,"S428 Роз 3-ная  о/у без з/к 16А 250В ИЗОЛ.ПЛ. ""BLANCA"" белый BLNRA000311 (36)",300200325_,BLNRA000311,6.0,462
461,"S429 Роз 3-ная  о/у с з/к 16А 250В ИЗОЛ.ПЛ. ""BLANCA"" белый BLNRA010311 (30)",300200326_,BLNRA010311,5.0,463
462,"S430 Роз 4-ная  о/у без з/к 16А 250В ИЗОЛ.ПЛ. ""BLANCA"" белый BLNRA000411 (30)",300200327_,BLNRA000411,5.0,464
463,"S431 Роз 4-ная  о/у с з/к со штор. 16А 250В ИЗОЛ.ПЛ. ""BLANCA"" белый BLNRA011411 (24)",300200328_,BLNRA011411,4.0,465
464,"S432 Звонок проводной  о/у ""BLANCA"" белый BLNZA000011 (48)",300200330_,BLNZA000011,8.0,466
465,"S433 Роз  2-ная  с/у с з/к с крыш. IP44 16А 250B ""BLANCA"" белый BLNRS441121 (30)",300200348_,BLNRS441121,5.0,467
466,"S434 Роз с/у компьютерная RJ45 кат.5Е ""BLANCA"" белый BLNIS045001 (60)",300200350_,BLNIS045001,10.0,468
467,"S435 Роз TV коннектор ""BLANCA"" белый BLNTS000011  (60)",300200352_,BLNTS000011,10.0,469
468,"А384 Выкл 1 кл 10А с/у ""ATLAS"" алюминий ATN312 (10)",300200430_,ATN000312,10.0,470
469,"А3844 Выкл 1 кл 10А механизм ""ATLAS"" алюминий ATN311 (10)",300200588_,ATN000311,10.0,471
470,"А385 Выкл 1 кл с инд 10А с/у б/рамки ""ATLAS"" алюминий ATN313  (10)",300200443_,ATN000313,10.0,472
471,"А386 Выкл 2 кл 10А с/у ""ATLAS"" алюминий ATN352 (10)",300200432_,ATN000352,10.0,473
472,"А387 Выкл 2 кл с инд 10А с/у б/рамки ""ATLAS"" алюминий ATN353 (10)",300200444_,ATN000353,10.0,474
473,"А388 Выкл 3 кл 10А с/у б/рамки ""ATLAS"" алюминий ATN331 (10)",300200449_,ATN000331,10.0,475
474,"А389 Диммер поворотно-нажимной с/у б/рамки 315Вт ""ATLAS"" алюминий ATN334 (1) !!!",300200447_,ATN000334,1.0,476
475,"А390 Комп. роз. RJ45 5Е механизм б/рамки ""ATLAS"" алюминий ATN383 (10)",300200433_,ATN000383,5.0,477
476,"А391 Переключ. 1 кл 10А с/у б/рамки ""ATLAS"" алюминий ATN361 (10)",300200439_,ATN000361,10.0,478
477,"А392 Переключ. 1 кл с инд 10А с/у б/рамки  ""ATLAS"" алюминий ATN363  (10)",300200451_,ATN000363,10.0,479
478,"А393 Перекрест. переключ. 1 кл 10А с/у б/рамки ""ATLAS"" алюминий ATN371 (5)",300200448_,ATN000371,5.0,480
479,"А3933 Перекрест. переключ. 2 кл 10А с/у б/рамки ""ATLAS"" алюминий ATN373 (5) NEW",300200774_,ATN000373,5.0,481
480,"А394 Роз. 2-ная с/у 16А ""ATLAS"" алюминий ATN320 (6)",300200436_,ATN000320,6.0,482
481,"А395 Роз. 2-ная с/у 16А с з/к з/ш ""ATLAS"" алюминий ATN326 (6)",300200431_,ATN000326,6.0,483
482,"А396 Роз. 2-ная с/у 16А с з/к з/ш со сдвиж.крыш.""ATLAS"" алюминий ATN328 (6)",300200452_,ATN000328,6.0,484
483,"А397 Роз. RJ45+RJ45 5Е кат 5Е механизм б/рамки ""ATLAS"" алюминий ATN385 (10)",300200434_,ATN000385,5.0,485
484,"А399 Роз. с з/к 16А с/у з/ш ""ATLAS"" алюминий ATN344 (10)",300200429_,ATN000344,10.0,486
485,"А3999 Роз. без з/к без шторок 16А механизм ""ATLAS"" алюминий ATN341 (10)",300200632_,ATN000341,10.0,487
486,"А401 ТV роз. оконечная с/у б/рамки ""ATLAS"" алюминий ATN391(10)",300200441_,ATN000391,10.0,488
487,"А402 Телефонная роз. RJ11 механизм б/рамки ""ATLAS"" алюминий ATN381 (10)",300200450_,ATN000381,10.0,489
488,"А405 Рамка 1-ная ""ATLAS"" алюминий ATN301 (20)",300200435_,ATN000301,20.0,490
489,"А406 Рамка 2-ная ""ATLAS"" алюминий ATN302 (10)",300200437_,ATN000302,10.0,491
490,"А407 Рамка 3-ная ""ATLAS"" алюминий ATN303 (15)",300200438_,ATN000303,5.0,492
491,"А408 Рамка 4-ная ""ATLAS"" алюминий ATN304 (15)",300200440_,ATN000304,5.0,493
492,"А409 Рамка 5-ная ""ATLAS"" алюминий ATN305 (5)",300200445_,ATN000305,5.0,494
493,"А414 Переключ. 2 кл 10А с/у б/рамки ""ATLAS"" алюминий ATN365 (10)",300200446_,ATN000365,10.0,495
494,"ВЫВОД КАБЕЛЯ, механизм ""ATLAS"" алюминий ATN399 !!!",ATN000399,ATN000399,10.0,496
495,"Выкл 1-кл, сх.1, 10АХ, механизм, шампань ""ATLAS""",300200592_,ATN000511,10.0,497
496,Выкл 2 кл 10А механизм жемчуг ATN000451,300200366_,ATN000451,10.0,498
497,Выкл 2 кл о/у 10А 250B белый BLANCA,LNVA105011,BLNVA105011,15.0,499
498,"Выкл 2-кл, сх.5, 10АХ, механизм, сталь ""ATLAS""",300200595_,ATN000951,5.0,500
499,"ВЫКЛЮЧАТЕЛЬ ""ХИТ""СУ 1КЛ. ИБЕЛ. VS16-135-B Shn.Elec. !!!",030200097_,VS16-135-B,20.0,501
500,К090 Роз. с з/к 16А с/у б/рамки ATLAS ПЕСОЧНЫЙ ATN1243 (5),300200718_,ATN001243,5.0,502
501,К091 Роз. с з/к с з/ш 16А механизм ATLAS ПЕСОЧНЫЙ ATN1245 (5),300200719_,ATN001245,5.0,503
502,К092 Выкл 1 кл 10А с/у ATLAS ПЕСОЧНЫЙ ATN1212 (5),300200720_,ATN001212,5.0,504
503,К093 Выкл 1 кл с инд 10А с/у б/рамки ATLAS ПЕСОЧНЫЙ ATN1213,300200721_,ATN001213,5.0,505
504,К094 Выкл 2 кл 10А с/у ATLAS ПЕСОЧНЫЙ ATN1252 (5),300200722_,ATN001252,5.0,506
505,"К0944 Выкл. 2 кл 10А б/рамки ""ATLAS"" ПЕСОЧНЫЙ ATN1251 (5) NEW",300200777_,ATN001251,5.0,507
506,К095 Выкл 2 кл с инд 10А с/у б/рамки ATLAS ПЕСОЧНЫЙ ATN1253,300200723_,ATN001253,5.0,508
507,К096 Выкл 3 кл 10А с/у б/рамки ATLAS ПЕСОЧНЫЙ ATN1231 (5),300200724_,ATN001231,5.0,509
508,К097 Комп. роз. RJ45 5Е механизм б/рамки ATLAS ПЕСОЧНЫЙ ATN1283 (5),300200725_,ATN001283,5.0,510
509,К098 Переключ. 1 кл 10А с/у б/рамки ATLAS ПЕСОЧНЫЙ ATN1261 (5),300200726_,ATN001261,5.0,511
510,К099 Переключ. 1 кл с инд 10А с/у б/рамки ATLAS ПЕСОЧНЫЙ ATN1263,300200727_,ATN001263,5.0,512
511,К100 Перекрест.переключ. 1 кл 10А с/у б/рамки ATLAS ПЕСОЧНЫЙ ATN1271 (5),300200728_,ATN001271,5.0,513
512,К101 Роз. 2-ная с/у 16А ATLAS ПЕСОЧНЫЙ ATN1220 (6),300200729_,ATN001220,6.0,514
513,К102 Роз. 2-ная с/у 16А с з/к з/ш ATLAS ПЕСОЧНЫЙ ATN1226 (6),300200730_,ATN001226,6.0,515
514,К103 Роз. RJ45+RJ45 5Е кат 5Е механизм б/рамки ATLAS ПЕСОЧНЫЙ ATN1285 (5),300200731_,ATN001285,5.0,516
515,К104 Роз. с з/к 16А с/у з/ш ATLAS ПЕСОЧНЫЙ ATN1244 (5),300200732_,ATN001244,5.0,517
516,"К1044 Роз. без з/к без с/ш 16А б/рамки ""ATLAS"" ПЕСОЧНЫЙ ATN1241 (5) NEW",300200778_,ATN001241,5.0,518
517,К105 ТV роз. оконечная с/у б/рамки ATLAS ПЕСОЧНЫЙ ATN1291 (5),300200733_,ATN001291,5.0,519
518,К106 Телефонная роз. RJ11 механизм б/рамки ATLAS ПЕСОЧНЫЙ ATN1281 (5),300200734_,ATN001281,5.0,520
519,К107 Рамка 1-ная ATLAS ПЕСОЧНЫЙ ATN1201 (10),300200735_,ATN001201,10.0,521
520,К108 Рамка 2-ная ATLAS ПЕСОЧНЫЙ ATN1202 (5),300200736_,ATN001202,5.0,522
521,К109 Рамка 3-ная ATLAS ПЕСОЧНЫЙ ATN1203 (5),300200737_,ATN001203,5.0,523
522,К110 Рамка 4-ная ATLAS ПЕСОЧНЫЙ ATN1204 (5),300200738_,ATN001204,5.0,524
523,К111 Выкл 1-кл о/у IP54 10А Atlas Profi 54 БЕЛЫЙ ATN540111 (12),300200742_,ATN540111,12.0,525
524,К111 Рамка 5-ная ATLAS ПЕСОЧНЫЙ ATN1205 (5),300200739_,ATN001205,5.0,526
525,К112 Выкл 2-кл о/у IP54 10А Atlas Profi 54 БЕЛЫЙ ATN540151 (12),300200743_,ATN540151,12.0,527
526,К112 Переключ. 2 кл 10А с/у б/рамки ATLAS ПЕСОЧНЫЙ ATN1265 (5),300200740_,ATN001265,5.0,528
527,К113 Выкл 1-кл сх.1 10АХ механизм ПЕСОЧНЫЙ ATLAS ATN1211 (5),300200741_,ATN001211,5.0,529
528,К113 Роз. з/к з/ш о/у IP54 16А 250В Atlas Profi 54 БЕЛЫЙ ATN540145 (12),300200744_,ATN540145,12.0,530
529,К114 Роз. 2-я з/к о/у IP54 16А Atlas Profi 54 БЕЛЫЙ ATN540126 (6),300200745_,ATN540126,6.0,531
530,К115 Перекл 1-кл о/у IP54 Atlas Profi 54 БЕЛЫЙ ATN540161 (12),300200746_,ATN540161,12.0,532
531,"К116 Роз,Выкл.2-кл з/к з/ш о/у IP54 16А Atlas Profi 54 БЕЛЫЙ ATN540174 (6)",300200747_,ATN540174,6.0,533
532,"К117 Роз,Выкл.1-кл з/к з/ш о/у IP54 16А Atlas Profi 54 БЕЛЫЙ ATN540170 (6)",300200748_,ATN540170,6.0,534
533,К118 Выкл 1-кл о/у IP54 Atlas Profi 54 АНТРАЦИТ ATN544011 (12),300200749_,ATN544011,12.0,535
534,К119 Выкл 2-кл о/у IP54 Atlas Profi 54 АНТРАЦИТ ATN544051 (12),300200750_,ATN544051,12.0,536
535,К120 Роз. з/к з/ш о/у IP54 16А 250В Atlas Profi 54 АНТРАЦИТ ATN544045 (12),300200751_,ATN544045,12.0,537
536,К121 Роз. 2-я з/к о/у IP54 16А Atlas Profi 54 АНТРАЦИТ ATN544026 (6),300200752_,ATN544026,6.0,538
537,К122 Перекл 1-кл о/у IP54 Atlas Profi 54 АНТРАЦИТ ATN544061 (12),300200753_,ATN544061,12.0,539
538,К123 Блок:Роз+выкл 2-кл з/к з/ш о/у IP54 16А Atlas Profi 54 АНТРАЦИТ ATN544074 (6),300200754_,ATN544074,6.0,540
539,К124 Блок:Роз+выкл 1-кл з/к з/ш о/у IP54 16А Atlas Profi 54 АНТРАЦИТ ATN544070 (6),300200755_,ATN544070,6.0,541
540,"КОРОБКА МОНТАЖН.С / У Д / СИЛ.РОЗЕТОК, ЗЕЛЕН",300200497_,BLNMK000001,2.0,542
541,Распределительная  коробка о/у  с сальниками  65х45 IP55 IMT35093 Systeme Electric (150),030200226_,IMT35093,150.0,543
542,Распределительная  коробка о/у  с сальниками  70х70х40 IP55 IMT35090 Systeme Electric (96),030200223_,IMT35090,96.0,544
543,Распределительная  коробка о/у  с сальниками  80х40 IP55 IMT35094 Systeme Electric (96),030200227_,IMT35094,96.0,545
544,Распределительная  коробка о/у  с сальниками  85х85х40 IP55 IMT35092 Systeme Electric (72),030200225_,IMT35092,72.0,546
545,Распределительная  коробка о/у  с сальниками 100х100х50 IP55 IMT35091 Systeme Electric (45),030200224_,IMT35091,45.0,547
546,Распределительная коробка с/у для полых стен г/к  80х45 IP20 IMT35160 Systeme Electric (120),030200221_,IMT35160,120.0,548
547,Распределительная коробка с/у для полых стен г/к 100х100х50 IP20 IMT35161 Systeme Electric (72),030200222_,IMT35161,72.0,549
548,Роз. 2-ная с з/к 16А в сборе жемчуг ATLASDESIGN !!!,300200473_,ATN000424,6.0,550
549,Роз. с з/к  со з/ш с крышкой 16А IP20 механизм жемчуг ATLASDESIGN,ATN000446,ATN000446,10.0,551
550,"РОЗЕТКА двойная комп+ТВ, RJ45+TV, кат.5E, механизм""ATLAS"" алюминий ATN389 !!!",ATN000389,ATN000389,5.0,552
551,"Сжим У 731М  (4-10/1,5-10) SE (140)",130300026_,U731M,140.0,553
552,"Сжим У 733M (16-35/1,5-10)  SE (140)",130300027_,U733M,140.0,554
553,Сжим У 734М (16-35/16-25) SE (140),130300028_,U734M,140.0,555
554,Соединитель коробок IMT35150/IMT351501 Systeme Electric (900),030200203_,IMT35180,900.0,556
